Period,Fund name,ABN,Merger,Merged,Acquirer,NetAssets,MemFlowIn,MemFlowOut,InRoll,SMSFIn,SFTIn,OutRoll,SMSFOut,SFTOut,1YrRet,Merger_y,Merged_y,Acquirer_y,AvgMemBal,Fail,NetFlowsIn,NetFlowsOut,TotalFundFlows,FundOutflowRatio,Log_AvgMemBal,Lag_1YrRet,FlowRatio,NetRollIn,NetRollOut
2020-06-30,AMG Super,30099320583.0,0.0,0.0,0,1221394.0,67579.0,58619.0,126184.0,10136,0.0,93122.0,16209,0.0,-0.038,0.0,0.0,0,50000000000.0,0.0,193763.0,151741.0,345504.0,0.43918739001574514,10.819798284210286,0.073,193762.87576408594,126184.0,93122.0
2021-06-30,AMG Super,30099320583.0,0.0,0.0,0,1215794.0,79792.0,68596.0,147061.0,9767,0.0,61008.0,11926,0.0,0.19,0.0,0.0,0,99000000000.0,0.0,226853.0,129604.0,356457.0,0.36358943715511266,11.502885230075814,-0.038,226852.89339970422,147061.0,61008.0
2022-06-30,AMG Super,30099320583.0,0.0,0.0,0,1551683.0,100125.0,49356.0,159722.0,8514,0.0,96696.0,20905,0.0,-0.072,0.0,0.0,0,103000000000.0,1.0,259847.0,146052.0,405899.0,0.3598235028911133,11.542493975902508,0.19,259846.90587510465,159722.0,96696.0
2020-06-30,AMP Eligible Rollover Fund,32931224407.0,0.0,0.0,0,1314606.0,-22.0,238986.0,110372.0,0,0.0,203881.0,11195,0.0,0.041,0.0,0.0,0,11000000000.0,0.0,110350.0,442867.0,553217.0,0.800530352465669,9.305741456739435,0.024,110349.66311807492,110372.0,203881.0
2021-06-30,AMP Eligible Rollover Fund,32931224407.0,0.0,0.0,0,1029266.0,3.0,106156.0,87530.0,0,0.0,138436.0,9505,0.0,0.023,0.0,0.0,0,28000000000.0,0.0,87533.0,244592.0,332125.0,0.7364456153556643,10.239995502805316,0.041,87532.76236269341,87530.0,138436.0
2020-06-30,AMP Super Fund,78421957449.0,0.0,0.0,0,3278918.0,631852.0,773560.0,57304814.0,0,57126050.0,2627072.0,43529,713375.0,0.07,0.0,0.0,0,66000000000.0,0.0,810616.0,2687257.0,3497873.0,0.7682545935772969,11.097425172408931,0.054,810615.1804439757,178764.0,1913697.0
2021-06-30,AMP Super Fund,78421957449.0,0.0,0.0,0,59917676.0,3040938.0,2507227.0,879885.0,0,0.0,8135793.0,398585,0.0,0.176,0.0,0.0,0,73000000000.0,0.0,3920823.0,10643020.0,14563843.0,0.73078376359866,11.19822841866684,0.07,3920822.8223726167,879885.0,8135793.0
2022-06-30,AMP Super Fund,78421957449.0,0.0,0.0,0,63031154.0,3115229.0,1953522.0,884896.0,0,0.0,6764260.0,438358,318817.0,-0.054,0.0,0.0,0,73000000000.0,0.0,4000125.0,8398965.0,12399090.0,0.6773855984592417,11.19822841866684,0.176,4000124.866748989,884896.0,6445443.0
2020-06-30,ASGARD Independence Plan Division Two,90194410365.0,0.0,0.0,0,22934010.0,885887.0,1355122.0,683221.0,71275,0.0,1685363.0,113318,0.0,-0.027,0.0,0.0,0,111000000000.0,0.0,1569108.0,3040485.0,4609593.0,0.6595994483677843,11.6172944892629,0.062,1569107.867424624,683221.0,1685363.0
2021-06-30,ASGARD Independence Plan Division Two,90194410365.0,0.0,0.0,0,20815492.0,835827.0,1213155.0,545552.0,42217,0.0,1663061.0,144109,0.0,0.182,0.0,0.0,0,143000000000.0,0.0,1381379.0,2876216.0,4257595.0,0.6755494592604511,11.870606902224587,-0.027,1381378.8618232997,545552.0,1663061.0
2022-06-30,ASGARD Independence Plan Division Two,90194410365.0,0.0,0.0,0,22915026.0,660322.0,1152258.0,367609.0,34625,0.0,4821289.0,146891,2866736.0,-0.056,0.0,0.0,0,176000000000.0,1.0,1027931.0,3106811.0,4134742.0,0.7513917434267966,12.07824495582233,0.182,1027930.8644203589,367609.0,1954553.0
2020-06-30,Advance Retirement Suite,95068282166.0,0.0,0.0,0,243957.0,4205.0,14080.0,1602.0,208,0.0,20187.0,587,0.0,-0.058,0.0,0.0,0,58000000000.0,0.0,5807.0,34267.0,40074.0,0.8550930778060588,10.968215530759236,0.059,5806.859536721636,1602.0,20187.0
2020-06-30,Alcoa of Australia Retirement Plan,80928800255.0,0.0,0.0,0,2237471.0,58736.0,104383.0,17181.0,232,0.0,81168.0,12265,0.0,-0.004,0.0,0.0,0,383000000000.0,0.0,75917.0,185551.0,261468.0,0.7096508941820796,12.855792879125431,0.053,75916.91707110393,17181.0,81168.0
2021-06-30,Alcoa of Australia Retirement Plan,80928800255.0,0.0,0.0,0,2119971.0,61578.0,81470.0,16312.0,100,0.0,97376.0,7134,0.0,0.146,0.0,0.0,0,421000000000.0,0.0,77890.0,178846.0,256736.0,0.6966144210395114,12.95039048795861,-0.004,77889.91563752524,16312.0,97376.0
2022-06-30,Alcoa of Australia Retirement Plan,80928800255.0,0.0,0.0,0,2321451.0,57086.0,87751.0,16846.0,551,0.0,107654.0,4689,0.0,-0.02,0.0,0.0,0,407000000000.0,0.0,73932.0,195405.0,269337.0,0.7255037369540761,12.91657092142417,0.146,73931.9158263517,16846.0,107654.0
2020-06-30,Aracon Superannuation Fund,40586548205.0,0.0,0.0,0,334612.0,10801.0,24399.0,50957.0,6437,0.0,11351.0,17,0.0,-0.009,0.0,0.0,0,263000000000.0,0.0,61758.0,35750.0,97508.0,0.36663658366493007,12.479913113434042,0.044,61757.89315983886,50957.0,11351.0
2021-06-30,Aracon Superannuation Fund,40586548205.0,0.0,0.0,0,357501.0,22615.0,26572.0,128194.0,13501,0.0,4802.0,226,0.0,0.153,0.0,0.0,0,264000000000.0,0.0,150809.0,31374.0,182183.0,0.17221145771010468,12.483708170000067,-0.009,150808.91224080493,128194.0,4802.0
2022-06-30,Aracon Superannuation Fund,40586548205.0,0.0,0.0,0,540746.0,30981.0,50539.0,118919.0,9162,0.0,8267.0,709,0.0,-0.068,0.0,0.0,0,207000000000.0,0.0,149900.0,58806.0,208706.0,0.28176477916303316,12.240478903153711,0.153,149899.89125023579,118919.0,8267.0
2020-06-30,Australia Post Superannuation Scheme,42045077895.0,0.0,0.0,0,7932232.0,152239.0,209688.0,47991.0,45.0,0.0,246148.0,19465.0,0.0,-0.009,0.0,0.0,0,226000000000.0,0.0,200230.0,455836.0,656066.0,0.6948020473549917,12.328294703023394,0.065,200229.942533703,47991.0,246148.0
2021-06-30,Australia Post Superannuation Scheme,42045077895.0,0.0,1.0,Australian Retirement Trust,7609863.0,149042.0,249981.0,48757.0,380.0,0.0,229999.0,9340.0,0.0,0.131,0.0,1.0,Australian Retirement Trust,254000000000.0,0.0,197799.0,479980.0,677779.0,0.7081659360942136,12.445093483000798,-0.009,197798.93692659118,48757.0,229999.0
2020-06-30,Australia's Unclaimed Super Fund,85945681973.0,0.0,0.0,0,1362570.0,-1125.0,333620.0,462323.0,0,0.0,455195.0,2984,0.0,0.006,0.0,0.0,0,2000000000.0,0.0,461198.0,788815.0,1250013.0,0.6310454371274539,7.601402334583733,0.043,461197.4210829535,462323.0,455195.0
2020-06-30,Australian Catholic Superannuation and Retirement Fund,24680629023.0,0.0,0.0,0,9165377.0,539992.0,338760.0,201549.0,4716,0.0,322305.0,26490,0.0,0.0,0.0,0.0,0,106000000000.0,0.0,741541.0,661065.0,1402606.0,0.47131197214328185,11.571203807011969,0.056,741540.9278736707,201549.0,322305.0
2021-06-30,Australian Catholic Superannuation and Retirement Fund,24680629023.0,0.0,0.0,0,9240165.0,579247.0,313705.0,132896.0,5505,0.0,259022.0,29003,0.0,0.153,0.0,0.0,0,121000000000.0,0.0,712143.0,572727.0,1284870.0,0.44574704055663217,11.703554089007538,0.0,712142.9380176653,132896.0,259022.0
2022-06-30,Australian Catholic Superannuation and Retirement Fund,24680629023.0,0.0,0.0,0,10799185.0,574012.0,320964.0,102543.0,9245,0.0,886464.0,50921,0.0,-0.013,0.0,0.0,0,119000000000.0,1.0,676555.0,1207428.0,1883983.0,0.6408911333064046,11.686887175419702,0.153,676554.8881926738,102543.0,886464.0
2020-06-30,Australian Defence Force Superannuation Scheme,90302247344.0,0.0,0.0,0,282938.0,158661.0,6179.0,57861.0,149,0.0,10231.0,473,0.0,-0.022,0.0,0.0,0,22000000000.0,0.0,216522.0,16410.0,232932.0,0.07044974498995416,9.99884318585288,0.084,216521.94200142787,57861.0,10231.0
2021-06-30,Australian Defence Force Superannuation Scheme,90302247344.0,0.0,0.0,0,474476.0,208894.0,7394.0,59811.0,429,0.0,10969.0,110,0.0,0.18,0.0,0.0,0,31000000000.0,0.0,268705.0,18363.0,287068.0,0.063967422352892,10.34177474101152,-0.022,268704.9612983586,59811.0,10969.0
2022-06-30,Australian Defence Force Superannuation Scheme,90302247344.0,0.0,0.0,0,832585.0,262762.0,4063.0,61432.0,49,0.0,21263.0,713,0.0,-0.046,0.0,0.0,0,36000000000.0,0.0,324194.0,25326.0,349520.0,0.07245937285420005,10.491301994830229,0.18,324193.96958148415,61432.0,21263.0
2020-06-30,Australian Eligible Rollover Fund,81932639940.0,0.0,0.0,0,565228.0,0.0,172903.0,9124.0,0,0.0,63501.0,1982,0.0,-0.007,0.0,0.0,0,10000000000.0,0.0,9124.0,236404.0,245528.0,0.9628392688410283,9.210440366976517,0.022,9123.581754619376,9124.0,63501.0
2020-06-30,Australian Ethical Retail Superannuation Fund,49633667743.0,0.0,0.0,0,2271039.0,191821.0,79338.0,411355.0,12836,0.0,81702.0,4813,0.0,0.011,0.0,0.0,0,53000000000.0,0.0,603176.0,161040.0,764216.0,0.210725763396736,10.87806606028079,0.1,603175.929089725,411355.0,81702.0
2021-06-30,Australian Ethical Retail Superannuation Fund,49633667743.0,0.0,0.0,0,2737429.0,268274.0,84664.0,456218.0,15155,0.0,67662.0,10294,0.0,0.202,0.0,0.0,0,63000000000.0,0.0,724492.0,152326.0,876818.0,0.17372590434959137,11.050905878263567,0.011,724491.9443543558,456218.0,67662.0
2022-06-30,Australian Ethical Retail Superannuation Fund,49633667743.0,0.0,0.0,0,3917022.0,366522.0,59305.0,497322.0,10765,0.0,107746.0,19303,0.0,-0.085,0.0,0.0,0,59000000000.0,0.0,863844.0,167051.0,1030895.0,0.16204463112150122,10.985309671896763,0.202,863843.95735255,497322.0,107746.0
2020-06-30,Australian Meat Industry Superannuation Trust,28342064803.0,0.0,0.0,0,2317078.0,164886.0,208382.0,69860.0,2022,0.0,94987.0,3841,0.0,-0.011,0.0,0.0,0,35000000000.0,0.0,234746.0,303369.0,538115.0,0.5637623927970787,10.463131911491967,0.062,234745.8690725992,69860.0,94987.0
2021-06-30,Australian Meat Industry Superannuation Trust,28342064803.0,0.0,0.0,0,2216356.0,156190.0,170363.0,33475.0,640,0.0,61533.0,6042,0.0,0.158,0.0,0.0,0,41000000000.0,0.0,189665.0,231896.0,421561.0,0.5500888364910417,10.62135173563291,-0.011,189664.89537059932,33475.0,61533.0
2022-06-30,Australian Meat Industry Superannuation Trust,28342064803.0,0.0,0.0,0,2513818.0,183133.0,71704.0,30382.0,557,0.0,83737.0,7126,0.0,-0.011,0.0,0.0,0,40000000000.0,0.0,213515.0,155441.0,368956.0,0.4212995587549735,10.596659732783579,0.158,213514.93816537235,30382.0,83737.0
2020-06-30,Australian Retirement Trust,60905115063.0,0.0,0.0,0,113328933.0,6393785.0,4158798.0,3285444.0,350360.0,0.0,1400821.0,270260.0,0.0,-0.009531875930685763,0.0,0.0,0,182000000000.0,0.0,9679229.0,5559619.0,15238848.0,0.36483197417547575,12.111767460549332,0.0937355219345911,9679228.950942634,3285444.0,1400821.0
2021-06-30,Australian Retirement Trust,60905115063.0,0.0,0.0,0,116998948.0,6644336.0,3917909.0,2298610.0,266604.0,0.0,1438645.0,307900.0,0.0,0.136,0.0,0.0,0,199000000000.0,0.0,8942946.0,5356554.0,14299500.0,0.3745972936116647,12.201065128819632,-0.009531875930685763,8942945.954217076,2298610.0,1438645.0
2022-06-30,Australian Retirement Trust,60905115063.0,1.0,0.0,0,132912715.0,10351778.0,4783427.0,108204175.0,326406.0,104788452.0,2670233.0,490182.0,0.0,-0.047,1.0,0.0,0,101000000000.0,0.0,13767501.0,7453660.0,21221161.0,0.3512371448480128,11.522885696764481,0.136,13767500.94392064,3415723.0,2670233.0
2020-06-30,AustralianSuper,65714394898.0,0.0,0.0,0,166784468.0,10746033.0,7242353.0,15518874.0,1041171.0,332057.0,3437835.0,601054.0,0.0,0.002,0.0,0.0,0,77000000000.0,0.0,25932850.0,10680188.0,36613038.0,0.29170450154942074,11.251573687764477,0.084,25932849.935964134,15186817.0,3437835.0
2021-06-30,AustralianSuper,65714394898.0,0.0,0.0,0,182378081.0,12504049.0,7166105.0,12489219.0,833374.0,0.0,3094653.0,737444.0,0.0,0.19,0.0,0.0,0,94000000000.0,0.0,24993268.0,10260758.0,35254026.0,0.29105209146892896,11.451060699493427,0.002,24993267.943739083,12489219.0,3094653.0
2022-06-30,AustralianSuper,65714394898.0,1.0,0.0,0,232762273.0,16274005.0,6082130.0,29195082.0,1471339.0,9950081.0,3841176.0,910926.0,0.0,-0.036,1.0,0.0,0,90000000000.0,0.0,35519006.0,9923306.0,45442312.0,0.21837150363300178,11.407576060361786,0.19,35519005.957367204,19245001.0,3841176.0
2020-06-30,AvSuper Fund,84421446069.0,0.0,0.0,0,2451908.0,64023.0,57652.0,25373.0,0,0.0,59728.0,4236,0.0,-0.014,0.0,0.0,0,347000000000.0,0.0,89396.0,117380.0,206776.0,0.5676674275544551,12.757082940769225,0.053,89395.95212707818,25373.0,59728.0
2021-06-30,AvSuper Fund,84421446069.0,0.0,0.0,0,2389691.0,65028.0,61015.0,18106.0,0,0.0,64203.0,5314,0.0,0.148,0.0,0.0,0,360000000000.0,0.0,83134.0,125218.0,208352.0,0.6009925510674243,12.793862088206213,-0.014,83133.94760075676,18106.0,64203.0
2022-06-30,AvSuper Fund,84421446069.0,0.0,0.0,0,2697835.0,69459.0,67293.0,11858.0,0,0.0,289106.0,20570,0.0,-0.037,0.0,0.0,0,356000000000.0,1.0,81317.0,356399.0,437716.0,0.814224291549772,12.782688818818986,0.148,81316.86789444128,11858.0,289106.0
2020-06-30,AvWrap Retirement Service,82004832237.0,0.0,0.0,0,436240.0,10328.0,25918.0,17936.0,2883,0.0,79724.0,3364,0.0,-0.019,0.0,0.0,0,325000000000.0,0.0,28264.0,105642.0,133906.0,0.7889265604229833,12.691583538230217,0.061,28263.75783513662,17936.0,79724.0
2021-06-30,AvWrap Retirement Service,82004832237.0,0.0,0.0,0,350873.0,9813.0,20777.0,8042.0,14,0.0,30513.0,2266,0.0,0.139,0.0,0.0,0,351000000000.0,0.0,17855.0,51290.0,69145.0,0.7417745317810398,12.768544351446794,-0.019,17854.85382175317,8042.0,30513.0
2022-06-30,AvWrap Retirement Service,82004832237.0,0.0,0.0,0,363370.0,35598.0,20439.0,89142.0,5,0.0,10164.0,768,0.0,-0.081,0.0,0.0,0,349000000000.0,0.0,124740.0,30603.0,155343.0,0.19700276163071398,12.762830066509972,0.139,124739.91578005889,89142.0,10164.0
2020-06-30,Avanteos Superannuation Trust,38876896681.0,0.0,0.0,0,9452977.0,366713.0,545456.0,1127570.0,87012,0.0,613930.0,32676,0.0,-0.014,0.0,0.0,0,310000000000.0,0.0,1494283.0,1159386.0,2653669.0,0.43689925156453197,12.644330802262578,0.067,1494282.877352288,1127570.0,613930.0
2021-06-30,Avanteos Superannuation Trust,38876896681.0,0.0,0.0,0,9651661.0,413260.0,530037.0,1125192.0,96118,0.0,700676.0,38297,0.0,0.152,0.0,0.0,0,352000000000.0,0.0,1538452.0,1230713.0,2769165.0,0.44443469421287646,12.77138929548529,-0.014,1538451.8724869222,1125192.0,700676.0
2022-06-30,Avanteos Superannuation Trust,38876896681.0,0.0,0.0,0,11452506.0,519945.0,631987.0,1100606.0,125838,0.0,662281.0,45071,0.0,-0.068,0.0,0.0,0,325000000000.0,0.0,1620551.0,1294268.0,2914819.0,0.4440303154329651,12.691583538230217,0.152,1620550.8869882277,1100606.0,662281.0
2020-06-30,Aware Super,53226460365.0,1.0,0.0,0,96950303.0,5669069.0,4731313.0,27575984.0,97110.0,24349693.0,3253079.0,368063.0,0.0,0.011,1.0,0.0,0,114000000000.0,0.0,8895360.0,7984392.0,16879752.0,0.47301595426283516,11.643962499267984,0.066,8895359.917644486,3226291.0,3253079.0
2021-06-30,Aware Super,53226460365.0,1.0,0.0,0,123332000.0,7537285.0,5065097.0,6549647.0,133649.0,4182378.0,2636934.0,460344.0,0.0,0.145,1.0,0.0,0,131000000000.0,0.0,9904554.0,7702031.0,17606585.0,0.43745172615813915,11.782960235741939,0.011,9904553.937550426,2367269.0,2636934.0
2022-06-30,Aware Super,53226460365.0,0.0,0.0,0,148025424.0,8553543.0,5046153.0,4039740.0,138544.0,866355.0,3834872.0,448790.0,0.0,-0.038,0.0,0.0,0,126000000000.0,0.0,11726928.0,8881025.0,20607953.0,0.4309513419406576,11.744045122410057,0.145,11726927.94000338,3173385.0,3834872.0
2020-06-30,Boc Gases Superannuation Fund,49620344668.0,0.0,0.0,0,751839.0,19614.0,23618.0,7285.0,143.0,0.0,27604.0,2356.0,0.0,-0.018,0.0,0.0,0,227000000000.0,0.0,26899.0,51222.0,78121.0,0.6556751705687331,12.33270970174018,0.061,26898.93187105218,7285.0,27604.0
2021-06-30,Boc Gases Superannuation Fund,49620344668.0,0.0,1.0,equipsuper,713524.0,18652.0,23571.0,4345.0,89.0,0.0,26408.0,1809.0,0.0,0.133,0.0,1.0,equipsuper,261000000000.0,0.0,22997.0,49979.0,72976.0,0.6848689980267485,12.472279517715116,-0.018,22996.929954703697,4345.0,26408.0
2020-06-30,Building Unions Superannuation Scheme (Queensland),85571332201.0,0.0,0.0,0,5050826.0,272950.0,318200.0,142428.0,0,0.0,237908.0,20937,0.0,0.023,0.0,0.0,0,68000000000.0,0.0,415378.0,556108.0,971486.0,0.5724302769159824,11.127277689932466,0.048,415377.8898976128,142428.0,237908.0
2021-06-30,Building Unions Superannuation Scheme (Queensland),85571332201.0,0.0,0.0,0,5013061.0,288337.0,298876.0,106194.0,0,0.0,146672.0,23753,0.0,0.166,0.0,0.0,0,84000000000.0,0.0,394531.0,445548.0,840079.0,0.5303644062046545,11.338583982516495,0.023,394530.9111225656,106194.0,146672.0
2022-06-30,Building Unions Superannuation Scheme (Queensland),85571332201.0,0.0,0.0,0,5782839.0,325162.0,170756.0,102507.0,1293,0.0,193672.0,24478,0.0,-0.053,0.0,0.0,0,79000000000.0,0.0,427669.0,364428.0,792097.0,0.46008001545265287,11.277215789596893,0.166,427668.9369811264,102507.0,193672.0
2020-06-30,CONSTRUCTION AND BUILDING UNIONS SUPERANNUATION FUND,75493363262.0,0.0,0.0,0,51391507.0,3282220.0,2516213.0,1715061.0,133982.0,0.0,1109147.0,244291.0,0.0,0.007,0.0,0.0,0,68000000000.0,0.0,4997281.0,3625360.0,8622641.0,0.4204465893918116,11.127277689932466,0.069,4997280.929456048,1715061.0,1109147.0
2021-06-30,CONSTRUCTION AND BUILDING UNIONS SUPERANNUATION FUND,75493363262.0,0.0,0.0,0,53031124.0,3506932.0,2487529.0,1108598.0,71298.0,0.0,1041447.0,280501.0,0.0,0.179,0.0,0.0,0,81000000000.0,0.0,4615530.0,3528976.0,8144506.0,0.43329527905068765,11.302216779257382,0.007,4615529.933454625,1108598.0,1041447.0
2022-06-30,CONSTRUCTION AND BUILDING UNIONS SUPERANNUATION FUND,75493363262.0,1.0,0.0,0,63552540.0,4152831.0,1557188.0,8156471.0,93401.0,6761214.0,1227012.0,281103.0,0.0,-0.045,1.0,0.0,0,80000000000.0,0.0,5548088.0,2784200.0,8332288.0,0.33414591526361065,11.289794413577894,0.179,5548087.956190579,1395257.0,1227012.0
2020-06-30,CSS Fund,19415776361.0,0.0,0.0,0,64125263.0,4034495.0,4371945.0,,*,,,*,,-0.00941488971464141,0.0,0.0,0,579000000000.0,0.0,,,,,13.269059483669357,0.07255914665842454,,,
2021-06-30,CSS Fund,19415776361.0,0.0,0.0,0,63026394.0,4104182.0,4426285.0,1385.0,7,0.0,82970.0,2957,0.0,0.409,0.0,0.0,0,583000000000.0,0.0,4105567.0,4509255.0,8614822.0,0.5234298514815512,13.275944180597024,-0.00941488971464141,4105566.928454498,1385.0,82970.0
2022-06-30,CSS Fund,19415776361.0,0.0,0.0,0,61626814.0,4369999.0,4660297.0,1463.0,38,0.0,96857.0,1903,0.0,-0.179,0.0,0.0,0,602000000000.0,0.0,4371462.0,4757154.0,9128616.0,0.5211254367584308,13.308014385419147,0.409,4371461.922807075,1463.0,96857.0
2020-06-30,CUBS Superannuation Fund,90120177925.0,0.0,0.0,0,77256.0,2820.0,6312.0,9103.0,0,0.0,3204.0,0,0.0,0.003,0.0,0.0,0,67000000000.0,0.0,11923.0,9516.0,21439.0,0.4438639861933859,11.112462823634855,0.035,11922.876825100962,9103.0,3204.0
2021-06-30,CUBS Superannuation Fund,90120177925.0,0.0,0.0,0,79926.0,3008.0,4842.0,4789.0,0,0.0,3786.0,0,0.0,0.101,0.0,0.0,0,79000000000.0,0.0,7797.0,8628.0,16425.0,0.525296803652968,11.277215789596893,0.003,7796.892050146385,4789.0,3786.0
2020-06-30,Care Super,98172275725.0,0.0,0.0,0,16312507.0,879283.0,680430.0,449299.0,35373,0.0,664822.0,76715,0.0,-0.006,0.0,0.0,0,70000000000.0,0.0,1328582.0,1345252.0,2673834.0,0.503117246620396,11.156264806643742,0.064,1328581.9175324799,449299.0,664822.0
2021-06-30,Care Super,98172275725.0,0.0,0.0,0,16222728.0,950268.0,635233.0,475697.0,27160,191445.0,474972.0,73948,0.0,0.168,0.0,0.0,0,86000000000.0,0.0,1234520.0,1110205.0,2344725.0,0.47349049462090437,11.362114203075018,-0.006,1234519.931564839,284252.0,474972.0
2022-06-30,Care Super,98172275725.0,0.0,0.0,0,19291972.0,1080273.0,452582.0,301952.0,18443,0.0,676245.0,78487,0.0,-0.019,0.0,0.0,0,86000000000.0,0.0,1382225.0,1128827.0,2511052.0,0.4495434582796374,11.362114203075018,0.168,1382224.9414872155,301952.0,676245.0
2021-06-30,Centric Super Fund,91593544166.0,0.0,0.0,0,,9637.0,895.0,107133.0,8293,0.0,0.0,0,0.0,0.039,0.0,0.0,0,358000000000.0,0.0,116770.0,895.0,117665.0,0.007606340033144946,12.788291058675025,,,107133.0,0.0
2022-06-30,Centric Super Fund,91593544166.0,0.0,0.0,0,,,,,*,,,*,,,0.0,0.0,0,,0.0,,,,,,0.039,,,
2020-06-30,Challenger Retirement Fund,87883998803.0,0.0,0.0,0,638860.0,7976.0,63436.0,5693.0,0,0.0,49785.0,1545,0.0,0.021,0.0,0.0,0,152000000000.0,0.0,13669.0,113221.0,126890.0,0.892276775159587,11.931642378754141,0.042,13668.822776508156,5693.0,49785.0
2021-06-30,Challenger Retirement Fund,87883998803.0,0.0,0.0,0,551529.0,7829.0,56978.0,37125.0,0,0.0,46901.0,2182,0.0,0.017,0.0,0.0,0,154000000000.0,0.0,44954.0,103879.0,148833.0,0.6979567703399112,11.944714374881176,0.021,44953.811652696415,37125.0,46901.0
2022-06-30,Challenger Retirement Fund,87883998803.0,0.0,0.0,0,501045.0,3005.0,50263.0,28841.0,0,0.0,36412.0,971,0.0,-0.034,0.0,0.0,0,154000000000.0,0.0,31846.0,86675.0,118521.0,0.7313050008015457,11.944714374881176,0.017,31845.82701154587,28841.0,36412.0
2020-06-30,Christian Super,66628776348.0,0.0,0.0,0,1602922.0,115689.0,53330.0,69138.0,212,0.0,65954.0,7320,0.0,-0.006,0.0,0.0,0,57000000000.0,0.0,184827.0,119284.0,304111.0,0.3922383603355354,10.950824090522445,0.058,184826.9255834033,69138.0,65954.0
2021-06-30,Christian Super,66628776348.0,0.0,0.0,0,1656307.0,128110.0,56804.0,54384.0,893,0.0,67428.0,10272,0.0,0.167,0.0,0.0,0,66000000000.0,0.0,182494.0,124232.0,306726.0,0.4050259841030757,11.097425172408931,-0.006,182493.92499458132,54384.0,67428.0
2022-06-30,Christian Super,66628776348.0,0.0,0.0,0,1994094.0,140733.0,51407.0,50704.0,415,0.0,174855.0,11205,0.0,-0.007,0.0,0.0,0,64000000000.0,1.0,191437.0,226262.0,417699.0,0.5416867169899856,11.06665398721974,0.167,191436.8865339347,50704.0,174855.0
2020-06-30,ClearView Retirement Plan,45828721007.0,0.0,0.0,0,1991291.0,66578.0,152275.0,322497.0,10549,0.0,91432.0,5191,0.0,-0.018,0.0,0.0,0,45000000000.0,0.0,389075.0,243707.0,632782.0,0.3851357971623719,10.714439990727769,0.053,389074.8776135683,322497.0,91432.0
2021-06-30,ClearView Retirement Plan,45828721007.0,0.0,0.0,0,2054861.0,67903.0,146585.0,210550.0,6435,0.0,103572.0,4577,869.0,0.115,0.0,0.0,0,170000000000.0,0.0,278453.0,249288.0,527741.0,0.4723680744910856,12.04355959836804,-0.018,278452.878683765,210550.0,102703.0
2022-06-30,ClearView Retirement Plan,45828721007.0,0.0,0.0,0,2302195.0,77953.0,135133.0,110776.0,4687,0.0,129223.0,2867,0.0,-0.071,0.0,0.0,0,155000000000.0,0.0,188729.0,264356.0,453085.0,0.5834578500722822,11.951186847493476,0.115,188728.88517219436,110776.0,129223.0
2020-06-30,Club Plus Superannuation Scheme,95275115088.0,0.0,0.0,0,2945614.0,161343.0,183872.0,60732.0,0.0,0.0,124545.0,6511.0,0.0,-0.019,0.0,0.0,0,42000000000.0,0.0,222075.0,308417.0,530492.0,0.581379172541716,10.645448706505872,0.062,222074.8952961929,60732.0,124545.0
2021-06-30,Club Plus Superannuation Scheme,95275115088.0,0.0,1.0,AustralianSuper,2794304.0,164663.0,169844.0,35961.0,0.0,0.0,97115.0,6747.0,0.0,0.146,0.0,1.0,AustralianSuper,51000000000.0,0.0,200624.0,266959.0,467583.0,0.5709339304465731,10.839600519357369,-0.019,200623.90446315074,35961.0,97115.0
2020-06-30,Colonial First State FirstChoice Superannuation Trust,26458298557.0,0.0,0.0,0,80052996.0,3517946.0,5099227.0,4461864.0,323540,0.0,3599218.0,292610,0.0,-0.027,0.0,0.0,0,108000000000.0,0.0,7979810.0,8698445.0,16678255.0,0.5215440704078455,11.58989576532275,0.064,7979809.891341418,4461864.0,3599218.0
2021-06-30,Colonial First State FirstChoice Superannuation Trust,26458298557.0,0.0,0.0,0,77031348.0,3800427.0,4601036.0,4061218.0,309825,0.0,4047743.0,319566,0.0,0.171,0.0,0.0,0,133000000000.0,0.0,7861645.0,8648779.0,16510424.0,0.5238374859422145,11.798111925972618,-0.027,7861644.887723904,4061218.0,4047743.0
2022-06-30,Colonial First State FirstChoice Superannuation Trust,26458298557.0,0.0,0.0,0,89207345.0,4553846.0,4859645.0,6595950.0,198849,2932532.0,5971443.0,432266,0.0,-0.072,0.0,0.0,0,124000000000.0,1.0,8217264.0,10831088.0,19048352.0,0.5686102398779695,11.728044909070785,0.171,8217263.8785852445,3663418.0,5971443.0
2020-06-30,Colonial First State Rollover & Superannuation Fund,88854638840.0,0.0,0.0,0,2745688.0,55977.0,99413.0,21263.0,3069,0.0,220963.0,23224,0.0,-0.005,0.0,0.0,0,96000000000.0,0.0,77240.0,320376.0,397616.0,0.8057422236529717,11.472113887062386,0.077,77239.88331667692,21263.0,220963.0
2021-06-30,Colonial First State Rollover & Superannuation Fund,88854638840.0,0.0,0.0,0,2487844.0,58762.0,87914.0,15173.0,1121,0.0,154084.0,23768,0.0,0.267,0.0,0.0,0,123000000000.0,0.0,73935.0,241998.0,315933.0,0.7659788626069451,11.719947764402807,-0.005,73934.90272782378,15173.0,154084.0
2022-06-30,Colonial First State Rollover & Superannuation Fund,88854638840.0,0.0,0.0,0,,,,,*,,,*,,,0.0,0.0,0,,0.0,,,,,,0.267,,,
2020-06-30,CommInsure Corporate Insurance Superannuation Trust,49968181565.0,0.0,0.0,0,13.0,4029.0,2463.0,0.0,0,0.0,0.0,0,0.0,0.846,0.0,0.0,0,0.0,0.0,4029.0,2463.0,6492.0,0.3793900184842883,0.0,0.889,3839.5384615384614,0.0,0.0
2021-06-30,CommInsure Corporate Insurance Superannuation Trust,49968181565.0,0.0,0.0,0,21.0,3118.0,6323.0,0.0,0,0.0,0.0,0,0.0,0.476,0.0,0.0,0,0.0,0.0,3118.0,6323.0,9441.0,0.6697383751721216,0.0,0.846,2816.904761904762,0.0,0.0
2022-06-30,CommInsure Corporate Insurance Superannuation Trust,49968181565.0,0.0,0.0,0,32.0,1063.0,1756.0,0.0,0,0.0,0.0,0,0.0,,0.0,0.0,0,0.0,0.0,1063.0,1756.0,2819.0,0.6229159276339127,0.0,0.476,1008.125,0.0,0.0
2020-06-30,Commonwealth Bank Group Super,24248426878.0,0.0,0.0,0,12123771.0,454692.0,352047.0,205515.0,8157,0.0,356016.0,36863,0.0,0.003,0.0,0.0,0,165000000000.0,0.0,660207.0,708063.0,1368270.0,0.517487776535333,12.013706813470414,0.074,660206.9415971318,205515.0,356016.0
2021-06-30,Commonwealth Bank Group Super,24248426878.0,0.0,0.0,0,12107315.0,454230.0,345316.0,182401.0,9283,0.0,335943.0,60747,0.0,0.124,0.0,0.0,0,185000000000.0,0.0,636631.0,681259.0,1317890.0,0.5169316103771938,12.128116509451258,0.003,636630.9437316201,182401.0,335943.0
2022-06-30,Commonwealth Bank Group Super,24248426878.0,0.0,0.0,0,13563095.0,475364.0,306074.0,127166.0,4640,0.0,1285234.0,70606,0.0,-0.052,0.0,0.0,0,171000000000.0,1.0,602530.0,1591308.0,2193838.0,0.7253534673025082,12.049424683420915,0.124,602529.8826736818,127166.0,1285234.0
2020-06-30,Commonwealth Essential Super,56601925435.0,0.0,0.0,0,3781219.0,496398.0,536832.0,89684.0,1163,0.0,301959.0,17317,0.0,-0.071,0.0,0.0,0,16000000000.0,0.0,586082.0,838791.0,1424873.0,0.5886777277694223,9.680406499268875,0.073,586081.7781691565,89684.0,301959.0
2021-06-30,Commonwealth Essential Super,56601925435.0,0.0,0.0,0,3271677.0,470861.0,342319.0,36196.0,1135,0.0,204552.0,17650,0.0,0.213,0.0,0.0,0,26000000000.0,0.0,507057.0,546871.0,1053928.0,0.5188883870624938,10.165890277802454,-0.071,507056.83284688555,36196.0,204552.0
2022-06-30,Commonwealth Essential Super,56601925435.0,0.0,0.0,0,3923283.0,486410.0,77588.0,28805.0,1102,0.0,301229.0,25859,0.0,-0.073,0.0,0.0,0,29000000000.0,0.0,515215.0,378817.0,894032.0,0.4237174955706283,10.275085591132715,0.213,515214.90344387596,28805.0,301229.0
2020-06-30,Crescent Wealth Superannuation Fund,71302958449.0,0.0,0.0,0,248476.0,33962.0,19839.0,23541.0,856,0.0,16406.0,5095,0.0,-0.037,0.0,0.0,0,28000000000.0,0.0,57503.0,36245.0,93748.0,0.38662158126040025,10.239995502805316,0.035,57502.85413078124,23541.0,16406.0
2021-06-30,Crescent Wealth Superannuation Fund,71302958449.0,0.0,0.0,0,259646.0,38641.0,15993.0,12821.0,339,0.0,16723.0,5430,0.0,0.129,0.0,0.0,0,28000000000.0,0.0,51462.0,32716.0,84178.0,0.3886526170733446,10.239995502805316,-0.037,51461.873997673756,12821.0,16723.0
2022-06-30,Crescent Wealth Superannuation Fund,71302958449.0,0.0,0.0,0,312847.0,46744.0,2951.0,16366.0,192,0.0,18461.0,6280,0.0,0.0,0.0,0.0,0,28000000000.0,0.0,63110.0,21412.0,84522.0,0.2533304938359244,10.239995502805316,0.129,63109.931557598444,16366.0,18461.0
2020-06-30,Crown Employees (NSW Fire Brigades Firefighting Staff Death & Disability) Superannuation Fund,60532453567.0,0.0,0.0,0,741.0,12545.0,10332.0,0.0,0,0.0,1720.0,0,0.0,-0.585,0.0,0.0,0,0.0,0.0,12545.0,12052.0,24597.0,0.48997845265682805,0.0,-0.569,12528.735492577598,0.0,1720.0
2021-06-30,Crown Employees (NSW Fire Brigades Firefighting Staff Death & Disability) Superannuation Fund,60532453567.0,0.0,0.0,0,721.0,15642.0,12774.0,0.0,0,0.0,1251.0,0,0.0,-0.705,0.0,0.0,0,0.0,0.0,15642.0,14025.0,29667.0,0.4727474972191324,0.0,-0.585,15622.547850208044,0.0,1251.0
2022-06-30,Crown Employees (NSW Fire Brigades Firefighting Staff Death & Disability) Superannuation Fund,60532453567.0,0.0,0.0,0,676.0,19876.0,15229.0,0.0,0,0.0,2941.0,705,0.0,,0.0,0.0,0,0.0,0.0,19876.0,18170.0,38046.0,0.47757977185512274,0.0,-0.705,19849.121301775147,0.0,2941.0
2020-06-30,DIY Master Plan,46074281314.0,0.0,0.0,0,420907.0,41078.0,35736.0,251680.0,15438,0.0,35879.0,1024,0.0,-0.025,0.0,0.0,0,82000000000.0,0.0,292758.0,71615.0,364373.0,0.1965431028094837,11.314486721293981,0.052,292757.8298555263,251680.0,35879.0
2021-06-30,DIY Master Plan,46074281314.0,0.0,0.0,0,628378.0,49920.0,36360.0,222172.0,3947,0.0,52028.0,1726,0.0,0.148,0.0,0.0,0,129000000000.0,0.0,272092.0,88388.0,360480.0,0.24519529516200622,11.767575435251748,-0.025,272091.85933944216,222172.0,52028.0
2022-06-30,DIY Master Plan,46074281314.0,0.0,0.0,0,917831.0,73679.0,40710.0,282399.0,8269,0.0,71391.0,3471,0.0,-0.086,0.0,0.0,0,122000000000.0,0.0,356078.0,112101.0,468179.0,0.23944047041836564,11.711784520403112,0.148,356077.877863136,282399.0,71391.0
2020-06-30,DPM Retirement Service,40725722496.0,0.0,0.0,0,60099.0,974.0,4958.0,9.0,0,0.0,3276.0,7,0.0,-0.058,0.0,0.0,0,140000000000.0,0.0,983.0,8234.0,9217.0,0.8933492459585548,11.849404844423074,0.071,982.8629927286644,9.0,3276.0
2021-06-30,DPM Retirement Service,40725722496.0,0.0,0.0,0,49501.0,194.0,3559.0,190.0,0,0.0,2521.0,0,0.0,0.19,0.0,0.0,0,170000000000.0,0.0,384.0,6080.0,6464.0,0.9405940594059405,12.04355959836804,-0.058,383.87717419850105,190.0,2521.0
2022-06-30,DPM Retirement Service,40725722496.0,0.0,0.0,0,52629.0,742.0,4042.0,0.0,0,0.0,452.0,0,0.0,-0.034,0.0,0.0,0,162000000000.0,0.0,742.0,4494.0,5236.0,0.8582887700534759,11.995357787034976,0.19,741.914609815881,0.0,452.0
2020-06-30,Definitive Superannuation Plan,47412936330.0,0.0,0.0,0,,1663.0,4952.0,261.0,19,0.0,11148.0,329,0.0,-0.018,0.0,0.0,0,445000000000.0,0.0,1924.0,16100.0,18024.0,0.8932534398579671,13.005831808336863,,,261.0,11148.0
2021-06-30,Definitive Superannuation Plan,47412936330.0,0.0,0.0,0,86838.0,1183.0,5767.0,266.0,0,0.0,8301.0,0,0.0,0.146,0.0,0.0,0,517000000000.0,0.0,1449.0,14068.0,15517.0,0.9066185473996262,13.155800087724673,-0.018,1448.8379971901702,266.0,8301.0
2022-06-30,Definitive Superannuation Plan,47412936330.0,0.0,0.0,0,85870.0,813.0,3604.0,13.0,0,0.0,81989.0,0,74524.0,-0.01,0.0,0.0,0,5000000000.0,0.0,826.0,11069.0,11895.0,0.9305590584279109,8.517393171418904,0.146,825.8710958425527,13.0,7465.0
2020-06-30,Deseret Benefit Plan for Australia,58632310300.0,0.0,0.0,0,,2064.0,2158.0,140.0,0,0.0,2595.0,3,0.0,-0.024,0.0,0.0,0,306000000000.0,0.0,2204.0,4753.0,6957.0,0.6831967802213598,12.631343648903034,,,140.0,2595.0
2021-06-30,Deseret Benefit Plan for Australia,58632310300.0,0.0,0.0,0,31661.0,2674.0,1770.0,1.0,0,0.0,711.0,0,0.0,0.165,0.0,0.0,0,323000000000.0,0.0,2675.0,2481.0,5156.0,0.48118696664080685,12.685410698175234,-0.024,2674.9216386090143,1.0,711.0
2020-06-30,Encircle Superannuation Fund,68486630403.0,0.0,0.0,0,2198137.0,86090.0,135545.0,399517.0,120209,0.0,118406.0,8894,0.0,-0.003,0.0,0.0,0,359000000000.0,0.0,485607.0,253951.0,739558.0,0.3433821282441675,12.791080452981857,0.07,485606.8844698943,399517.0,118406.0
2021-06-30,Encircle Superannuation Fund,68486630403.0,0.0,0.0,0,2423865.0,88572.0,154027.0,229697.0,48030,0.0,61962.0,4292,0.0,0.149,0.0,0.0,0,399000000000.0,0.0,318269.0,215989.0,534258.0,0.4042784572247865,12.896719202134523,-0.003,318268.91089066427,229697.0,61962.0
2022-06-30,Encircle Superannuation Fund,68486630403.0,0.0,0.0,0,2895350.0,113297.0,171450.0,188662.0,27921,0.0,106685.0,6714,0.0,-0.061,0.0,0.0,0,360000000000.0,0.0,301959.0,278135.0,580094.0,0.47946539698738483,12.793862088206213,0.149,301958.9039373478,188662.0,106685.0
2020-06-30,Energy Industries Superannuation Scheme-Pool A,22277243559.0,0.0,0.0,0,3850088.0,188499.0,190951.0,184398.0,1202,0.0,115034.0,12166,0.0,-0.037,0.0,0.0,0,191000000000.0,0.0,372897.0,305985.0,678882.0,0.45071897619910384,12.160033942617156,0.073,372896.9205251932,184398.0,115034.0
2021-06-30,Energy Industries Superannuation Scheme-Pool A,22277243559.0,0.0,0.0,0,3773090.0,179150.0,176947.0,86117.0,637,0.0,132217.0,14762,0.0,0.157,0.0,0.0,0,231000000000.0,0.0,265267.0,309164.0,574431.0,0.5382091147587786,12.35017731849889,-0.037,265266.91806079366,86117.0,132217.0
2022-06-30,Energy Industries Superannuation Scheme-Pool A,22277243559.0,0.0,0.0,0,4319629.0,168616.0,158474.0,55331.0,545,0.0,495403.0,15981,0.0,-0.066,0.0,0.0,0,212000000000.0,1.0,223947.0,653877.0,877824.0,0.744883940288714,12.264346270624157,0.157,223946.84862658344,55331.0,495403.0
2020-06-30,Energy Industries Superannuation Scheme-Pool B,64322090181.0,0.0,0.0,0,2100170.0,31066.0,63154.0,1101.0,0,0.0,162763.0,2918,0.0,-0.019,0.0,0.0,0,717000000000.0,0.0,32167.0,225917.0,258084.0,0.8753622851474714,13.482832514280924,0.098,32166.892429184303,1101.0,162763.0
2021-06-30,Energy Industries Superannuation Scheme-Pool B,64322090181.0,0.0,0.0,0,1868064.0,27873.0,60761.0,684.0,53,0.0,84815.0,1390,0.0,0.163,0.0,0.0,0,764000000000.0,0.0,28557.0,145576.0,174133.0,0.8360046631023413,13.546324377048325,-0.019,28556.92207119242,684.0,84815.0
2022-06-30,Energy Industries Superannuation Scheme-Pool B,64322090181.0,0.0,0.0,0,,,,,*,,,*,,,0.0,0.0,0,,0.0,,,,,,0.163,,,
2020-06-30,Energy Super,33761363685.0,0.0,0.0,0,7806015.0,325066.0,285394.0,129592.0,1473.0,0.0,202736.0,18252.0,0.0,-0.021,0.0,0.0,0,149000000000.0,0.0,454658.0,488130.0,942788.0,0.5177516048146561,11.91170829631447,0.052,454657.937467453,129592.0,202736.0
2021-06-30,Energy Super,33761363685.0,0.0,1.0,LGIAsuper,7584451.0,371991.0,278336.0,101649.0,1633.0,0.0,180762.0,24766.0,0.0,0.172,0.0,1.0,LGIAsuper,175000000000.0,0.0,473640.0,459098.0,932738.0,0.4922046705505726,12.07254696717504,-0.021,473639.9394685258,101649.0,180762.0
2020-06-30,Fiducian Superannuation Fund,57929339093.0,0.0,0.0,0,1441863.0,58221.0,90055.0,154343.0,10484,0.0,30262.0,2145,0.0,-0.013,0.0,0.0,0,229000000000.0,0.0,212564.0,120317.0,332881.0,0.36144147608304467,12.34148164933907,0.044,212563.91655448542,154343.0,30262.0
2021-06-30,Fiducian Superannuation Fund,57929339093.0,0.0,0.0,0,1513314.0,65874.0,89854.0,169802.0,6850,0.0,20813.0,1577,0.0,0.221,0.0,0.0,0,278000000000.0,0.0,235676.0,110667.0,346343.0,0.31953006123986916,12.535379989788607,-0.013,235675.92687109218,169802.0,20813.0
2022-06-30,Fiducian Superannuation Fund,57929339093.0,0.0,0.0,0,1986010.0,98036.0,109414.0,191718.0,15033,0.0,24700.0,2722,0.0,-0.114,0.0,0.0,0,250000000000.0,0.0,289754.0,134114.0,423868.0,0.3164051072503704,12.429220196836383,0.221,289753.9324706321,191718.0,24700.0
2020-06-30,Fire and Emergency Services Superannuation Fund,43198502058.0,0.0,0.0,0,757123.0,31485.0,26337.0,6363.0,460,0.0,6584.0,1417,0.0,-0.013,0.0,0.0,0,287000000000.0,0.0,37848.0,32921.0,70769.0,0.46518956040074044,12.567240979056246,0.075,37847.95651829359,6363.0,6584.0
2021-06-30,Fire and Emergency Services Superannuation Fund,43198502058.0,0.0,0.0,0,751834.0,34540.0,19717.0,5241.0,230,0.0,15067.0,438,0.0,0.133,0.0,0.0,0,306000000000.0,0.0,39781.0,34784.0,74565.0,0.46649232213504993,12.631343648903034,-0.013,39780.95373446798,5241.0,15067.0
2022-06-30,Fire and Emergency Services Superannuation Fund,43198502058.0,0.0,0.0,0,857525.0,38335.0,25712.0,5306.0,0,0.0,15061.0,1574,0.0,-0.019,0.0,0.0,0,298000000000.0,0.0,43641.0,40773.0,84414.0,0.48301229653848887,12.604852121186608,0.133,43640.95245269817,5306.0,15061.0
2020-06-30,First Super,56286625181.0,0.0,0.0,0,3192705.0,147217.0,156929.0,91331.0,335,0.0,137142.0,11117,0.0,-0.012,0.0,0.0,0,67000000000.0,0.0,238548.0,294071.0,532619.0,0.5521226242398413,11.112462823634855,0.063,238547.90789283696,91331.0,137142.0
2021-06-30,First Super,56286625181.0,0.0,0.0,0,3100054.0,153240.0,152853.0,67012.0,1582,0.0,77120.0,8733,0.0,0.14,0.0,0.0,0,76000000000.0,0.0,220252.0,229973.0,450225.0,0.5107957132544839,11.23850177707664,-0.012,220251.92581645353,67012.0,77120.0
2022-06-30,First Super,56286625181.0,0.0,0.0,0,3521667.0,194320.0,116424.0,56337.0,1276,0.0,75796.0,7664,0.0,0.005,0.0,0.0,0,76000000000.0,0.0,250657.0,192220.0,442877.0,0.43402570013796155,11.23850177707664,0.14,250656.94541789443,56337.0,75796.0
2020-06-30,Future Super Fund,45960194277.0,0.0,0.0,0,461629.0,56534.0,24547.0,262334.0,0,0.0,23238.0,1684,0.0,0.045,0.0,0.0,0,31000000000.0,0.0,318868.0,47785.0,366653.0,0.13032758493725674,10.34177474101152,0.089,318867.8964861393,262334.0,23238.0
2021-06-30,Future Super Fund,45960194277.0,0.0,0.0,0,758893.0,111244.0,26068.0,308014.0,0,0.0,38075.0,4890,0.0,0.139,0.0,0.0,0,35000000000.0,0.0,419258.0,64143.0,483401.0,0.1326910784214348,10.463131911491967,0.045,419257.9154782031,308014.0,38075.0
2022-06-30,Future Super Fund,45960194277.0,0.0,0.0,0,1246425.0,166210.0,9181.0,242662.0,0,0.0,62817.0,1439,0.0,-0.102,0.0,0.0,0,33000000000.0,0.0,408872.0,71998.0,480870.0,0.14972445775365484,10.404293143019792,0.139,408871.9422363961,242662.0,62817.0
2020-06-30,Goldman Sachs & JBWere Superannuation Fund,55697537183.0,0.0,0.0,0,540328.0,9901.0,7880.0,5960.0,0,0.0,17139.0,6635,0.0,0.015,0.0,0.0,0,279000000000.0,0.0,15861.0,25019.0,40880.0,0.6120107632093933,12.53897064502647,0.093,15860.95369664352,5960.0,17139.0
2021-06-30,Goldman Sachs & JBWere Superannuation Fund,55697537183.0,0.0,0.0,0,538817.0,10116.0,6697.0,6607.0,75,0.0,18766.0,2907,0.0,0.221,0.0,0.0,0,334000000000.0,0.0,16723.0,25463.0,42186.0,0.6035888683449485,12.718899265966332,0.015,16722.952742767953,6607.0,18766.0
2022-06-30,Goldman Sachs & JBWere Superannuation Fund,55697537183.0,0.0,0.0,0,647724.0,11647.0,5339.0,10047.0,267,0.0,12928.0,3676,0.0,-0.065,0.0,0.0,0,307000000000.0,0.0,21694.0,18267.0,39961.0,0.4571206926753585,12.634606283893019,0.221,21693.971798173297,10047.0,12928.0
2020-06-30,Grosvenor Pirie Master Superannuation Fund Series 2,32367272075.0,0.0,0.0,0,107126.0,16880.0,12546.0,54292.0,0,0.0,14235.0,617,0.0,-0.019,0.0,0.0,0,7000000000.0,0.0,71172.0,26781.0,97953.0,0.27340663379375824,8.853808274977197,0.073,71171.7500046674,54292.0,14235.0
2021-06-30,Grosvenor Pirie Master Superannuation Fund Series 2,32367272075.0,0.0,0.0,0,150101.0,37187.0,9180.0,13820.0,0,0.0,12638.0,730,0.0,0.137,0.0,0.0,0,7000000000.0,0.0,51007.0,21818.0,72825.0,0.29959491932715415,8.853808274977197,-0.019,51006.854644539344,13820.0,12638.0
2022-06-30,Grosvenor Pirie Master Superannuation Fund Series 2,32367272075.0,0.0,0.0,0,204811.0,86410.0,3194.0,154132.0,0,0.0,150274.0,888,103135.0,-0.142,0.0,0.0,0,4000000000.0,0.0,240542.0,50333.0,290875.0,0.1730399656209712,8.294299608857235,0.137,240541.75424659808,154132.0,47139.0
2020-06-30,Grow Super SMA,20543903424.0,0.0,0.0,0,,80.0,0.0,,*,,,*,,-0.038,0.0,0.0,0,31000000000.0,0.0,,,,,10.34177474101152,,,,
2020-06-30,Guild Retirement Fund,22599554834.0,0.0,0.0,0,1972417.0,193806.0,100999.0,55104.0,1300,0.0,126121.0,9613,0.0,-0.023,0.0,0.0,0,24000000000.0,0.0,248910.0,227120.0,476030.0,0.4771127870092221,10.085850775128717,0.082,248909.88485193547,55104.0,126121.0
2021-06-30,Guild Retirement Fund,22599554834.0,0.0,0.0,0,1942529.0,210291.0,74229.0,23886.0,960,0.0,103899.0,6877,0.0,0.217,0.0,0.0,0,29000000000.0,0.0,234177.0,178128.0,412305.0,0.4320296867610143,10.275085591132715,-0.023,234176.9083009829,23886.0,103899.0
2022-06-30,Guild Retirement Fund,22599554834.0,0.0,0.0,0,2419903.0,237978.0,25964.0,36141.0,1392,0.0,113296.0,8061,0.0,-0.067,0.0,0.0,0,27000000000.0,0.0,274119.0,139260.0,413379.0,0.3368821347963975,10.203629181337648,0.217,274118.9424522388,36141.0,113296.0
2020-06-30,HESTA,64971749321.0,0.0,0.0,0,52149770.0,3715165.0,2484357.0,1607698.0,58280,0.0,1510788.0,186881,0.0,-0.004,0.0,0.0,0,59000000000.0,0.0,5322863.0,3995145.0,9318008.0,0.42875526614701337,10.985309671896763,0.072,5322862.923390937,1607698.0,1510788.0
2021-06-30,HESTA,64971749321.0,0.0,0.0,0,53108059.0,4148389.0,2255951.0,1100564.0,54791,0.0,1340946.0,185799,0.0,0.179,0.0,0.0,0,69000000000.0,0.0,5248953.0,3596897.0,8845850.0,0.40661971432931826,11.141876276228,-0.004,5248952.9322721055,1100564.0,1340946.0
2022-06-30,HESTA,64971749321.0,0.0,0.0,0,64261807.0,4875287.0,1785623.0,1379609.0,41829,0.0,1632572.0,216093,0.0,-0.026,0.0,0.0,0,67000000000.0,0.0,6254896.0,3418195.0,9673091.0,0.35337153346329525,11.112462823634855,0.179,6254895.946808296,1379609.0,1632572.0
2020-06-30,HOSTPLUS Superannuation Fund,68657495890.0,1.0,0.0,0,45023386.0,3870056.0,2624918.0,4969430.0,187414.0,594162.0,1456206.0,175970.0,0.0,-0.02,1.0,0.0,0,37000000000.0,0.0,8245324.0,4081124.0,12326448.0,0.331086781853134,10.518700218288165,0.072,8245323.9093554625,4375268.0,1456206.0
2021-06-30,HOSTPLUS Superannuation Fund,68657495890.0,0.0,0.0,0,48803733.0,4292032.0,2475675.0,2469510.0,111151.0,211221.0,1344649.0,238438.0,0.0,0.205,0.0,0.0,0,47000000000.0,0.0,6550321.0,3820324.0,10370645.0,0.3683786302587737,10.757924157061597,-0.02,6550320.92172066,2258289.0,1344649.0
2022-06-30,HOSTPLUS Superannuation Fund,68657495890.0,1.0,0.0,0,61991552.0,5624717.0,1216035.0,17215912.0,138875.0,14649911.0,1845904.0,304452.0,0.0,-0.026,1.0,0.0,0,50000000000.0,0.0,8190718.0,3061939.0,11252657.0,0.27210808967162153,10.819798284210286,0.205,8190717.950607157,2566001.0,1845904.0
2020-06-30,HUB24 Super Fund,60910190523.0,0.0,0.0,0,5868530.0,420402.0,351053.0,2430628.0,218008,76045.0,256771.0,34478,0.0,-0.029,0.0,0.0,0,251000000000.0,0.0,2774985.0,607824.0,3382809.0,0.17968025980775149,12.433212202169729,0.057,2774984.896426533,2354583.0,256771.0
2021-06-30,HUB24 Super Fund,60910190523.0,0.0,0.0,0,7904390.0,680740.0,475674.0,4130433.0,320992,869.0,280523.0,51709,0.0,0.14,0.0,0.0,0,170000000000.0,0.0,4810304.0,756197.0,5566501.0,0.13584781535115148,12.04355959836804,-0.029,4810303.904332023,4129564.0,280523.0
2022-06-30,HUB24 Super Fund,60910190523.0,0.0,0.0,0,13292055.0,1213551.0,675590.0,5145558.0,191767,0.0,461437.0,62983,0.0,-0.081,0.0,0.0,0,180000000000.0,0.0,6359109.0,1137027.0,7496136.0,0.1516817464357637,12.100717685412471,0.14,6359108.914458148,5145558.0,461437.0
2020-06-30,Heidelberg Australia Superannuation Fund,75071229817.0,0.0,0.0,0,,,,,*,,,*,,,0.0,0.0,0,,0.0,,,,,,,,,
2021-06-30,Heidelberg Australia Superannuation Fund,75071229817.0,0.0,0.0,0,,,,,*,,,*,,,0.0,0.0,0,,0.0,,,,,,,,,
2022-06-30,Heidelberg Australia Superannuation Fund,75071229817.0,0.0,0.0,0,,,,,*,,,*,,,0.0,0.0,0,,0.0,,,,,,,,,
2020-06-30,Holden Employees Superannuation Fund,77289319006.0,0.0,0.0,0,435125.0,7732.0,13682.0,640.0,0,0.0,48026.0,1671,0.0,-0.013,0.0,0.0,0,195000000000.0,0.0,8372.0,61708.0,70080.0,0.8805365296803653,12.180759965737863,0.047,8371.858183280667,640.0,48026.0
2021-06-30,Holden Employees Superannuation Fund,77289319006.0,0.0,0.0,0,376895.0,7013.0,11110.0,192.0,0,0.0,62387.0,2916,0.0,0.13,0.0,0.0,0,197000000000.0,0.0,7205.0,73497.0,80702.0,0.9107209238928403,12.190964083849375,-0.013,7204.804993433184,192.0,62387.0
2022-06-30,Holden Employees Superannuation Fund,77289319006.0,0.0,0.0,0,,,,,*,,,*,,,0.0,0.0,0,,0.0,,,,,,0.13,,,
2020-06-30,IAG & NRMA Superannuation Plan,58244115920.0,0.0,1.0,Sunsuper Superannuation Fund,2225592.0,90917.0,48745.0,47286.0,492.0,0.0,126197.0,159.0,0.0,-0.007,0.0,1.0,Sunsuper Superannuation Fund,157000000000.0,0.0,138203.0,174942.0,313145.0,0.5586613230292676,11.964007453736912,0.063,138202.92139529617,47286.0,126197.0
2020-06-30,ING Superannuation Fund,13355603448.0,0.0,0.0,0,2854383.0,215404.0,149561.0,162822.0,4681,0.0,256503.0,24851,0.0,-0.022,0.0,0.0,0,46000000000.0,0.0,378226.0,406064.0,784290.0,0.5177472618546711,10.736418414365376,0.062,378225.8577401841,162822.0,256503.0
2021-06-30,ING Superannuation Fund,13355603448.0,0.0,0.0,0,2757612.0,226979.0,124586.0,99348.0,3447,0.0,191167.0,30794,0.0,0.151,0.0,0.0,0,56000000000.0,0.0,326327.0,315753.0,642080.0,0.4917658235733865,10.933124826700707,-0.022,326326.88549766975,99348.0,191167.0
2022-06-30,ING Superannuation Fund,13355603448.0,0.0,0.0,0,3179238.0,241037.0,62802.0,81509.0,6436,0.0,250953.0,29662,0.0,-0.061,0.0,0.0,0,55000000000.0,0.0,322546.0,313755.0,636301.0,0.4930921057801261,10.915106645867503,0.151,322545.9013112576,81509.0,250953.0
2020-06-30,IOOF Portfolio Service Superannuation Fund,70815369818.0,0.0,0.0,0,29526204.0,1230755.0,1768596.0,2421788.0,199782,0.0,1755133.0,62105,0.0,-0.02,0.0,0.0,0,114000000000.0,0.0,3652543.0,3523729.0,7176272.0,0.4910250057411425,11.643962499267984,0.061,3652542.8806575676,2421788.0,1755133.0
2021-06-30,IOOF Portfolio Service Superannuation Fund,70815369818.0,0.0,0.0,0,29011477.0,1269375.0,1617119.0,1944078.0,203510,0.0,1888902.0,63241,0.0,0.155,0.0,0.0,0,142000000000.0,0.0,3213453.0,3506021.0,6719474.0,0.5217701564140288,11.863589378812122,-0.02,3213452.8791505513,1944078.0,1888902.0
2022-06-30,IOOF Portfolio Service Superannuation Fund,70815369818.0,0.0,0.0,0,33120878.0,1383506.0,1670721.0,2118328.0,294711,0.0,1551258.0,103754,0.0,-0.055,0.0,0.0,0,146000000000.0,0.0,3501834.0,3221979.0,6723813.0,0.47918926359195296,11.891368749982085,0.155,3501833.902720604,2118328.0,1551258.0
2020-06-30,Incitec Pivot Employees Superannuation Fund,68569795856.0,0.0,0.0,0,200638.0,9177.0,4987.0,3720.0,0,0.0,14270.0,372,0.0,-0.012,0.0,0.0,0,245000000000.0,0.0,12897.0,19257.0,32154.0,0.5988990483299123,12.409017571151187,0.061,12896.90402117246,3720.0,14270.0
2021-06-30,Incitec Pivot Employees Superannuation Fund,68569795856.0,0.0,0.0,0,192150.0,11176.0,7849.0,2525.0,0,0.0,14601.0,642,0.0,0.142,0.0,0.0,0,273000000000.0,0.0,13701.0,22450.0,36151.0,0.6210063345412299,12.51723073716405,-0.012,13700.88316419464,2525.0,14601.0
2020-06-30,Intrust Super Fund,65704511371.0,0.0,0.0,0,2808312.0,190544.0,256680.0,105620.0,695.0,0.0,160225.0,7081.0,0.0,-0.016,0.0,0.0,0,27000000000.0,0.0,296164.0,416905.0,713069.0,0.5846629148090858,10.203629181337648,0.054,296163.8515460533,105620.0,160225.0
2021-06-30,Intrust Super Fund,65704511371.0,0.0,1.0,HOSTPLUS Superannuation Fund,2637560.0,193152.0,206849.0,51621.0,1201.0,0.0,105540.0,9026.0,0.0,0.164,0.0,1.0,HOSTPLUS Superannuation Fund,32000000000.0,0.0,244773.0,312389.0,557162.0,0.5606789407748555,10.373522431293592,-0.016,244772.88156136734,51621.0,105540.0
2020-06-30,Jamestrong Packaging Australia Superannuation Fund,65546653068.0,0.0,0.0,0,,,,,*,,,*,,,0.0,0.0,0,,0.0,,,,,,,,,
2021-06-30,Jamestrong Packaging Australia Superannuation Fund,65546653068.0,0.0,0.0,0,,,,,*,,,*,,,0.0,0.0,0,,0.0,,,,,,,,,
2020-06-30,L&H Group Superannuation Fund,64641864843.0,0.0,0.0,0,,,,,*,,,*,,,0.0,0.0,0,,0.0,,,,,,,,,
2020-06-30,LESF Super,13704288646.0,0.0,0.0,0,232032.0,22337.0,15537.0,10190.0,0,0.0,236083.0,2141,198608.0,-0.008,0.0,0.0,0,0.0,0.0,32527.0,53012.0,85539.0,0.6197407030711137,0.0,0.074,32526.771531512895,10190.0,37475.0
2021-06-30,LESF Super,13704288646.0,0.0,0.0,0,20.0,0.0,0.0,0.0,0,0.0,0.0,0,0.0,,0.0,0.0,0,0.0,0.0,0.0,0.0,0.0,,0.0,-0.008,0.0,0.0,0.0
2020-06-30,LGIAsuper,23053121564.0,0.0,0.0,0,12641590.0,603809.0,542383.0,239091.0,6070.0,0.0,371918.0,30157.0,0.0,0.008,0.0,0.0,0,157000000000.0,0.0,842900.0,914301.0,1757201.0,0.5203166854560178,11.964007453736912,0.074,842899.9276751579,239091.0,371918.0
2021-06-30,LGIAsuper,23053121564.0,0.0,0.0,0,12668020.0,616312.0,505006.0,151041.0,13769.0,0.0,293186.0,36747.0,0.0,0.131,0.0,0.0,0,184000000000.0,0.0,767353.0,798192.0,1565545.0,0.5098492857120045,12.122696471358964,0.008,767352.936991574,151041.0,293186.0
2022-06-30,LGIAsuper,23053121564.0,1.0,0.0,0,14301388.0,1073273.0,1072107.0,9380970.0,9685.0,8869519.0,607932.0,66987.0,0.0,-0.038,1.0,0.0,0,168000000000.0,0.0,1584724.0,1680039.0,3264763.0,0.5145975374016429,12.031725210748633,0.131,1584723.8825261577,511451.0,607932.0
2020-06-30,Labour Union Co-Operative Retirement Fund,26382680883.0,0.0,0.0,0,6742593.0,386438.0,442516.0,168044.0,2428.0,0.0,289948.0,28062.0,0.0,-0.015,0.0,0.0,0,49000000000.0,0.0,554482.0,732464.0,1286946.0,0.5691489775017755,10.799595985047786,0.058,554481.8913676089,168044.0,289948.0
2021-06-30,Labour Union Co-Operative Retirement Fund,26382680883.0,0.0,1.0,AustralianSuper,6467960.0,387239.0,375350.0,64561.0,2892.0,0.0,213965.0,25897.0,0.0,0.178,0.0,1.0,AustralianSuper,55000000000.0,0.0,451800.0,589315.0,1041115.0,0.566042175936376,10.915106645867503,-0.015,451799.908887037,64561.0,213965.0
2020-06-30,Lifefocus Superannuation Fund,94579217553.0,0.0,0.0,0,466699.0,10690.0,30037.0,8440.0,0,0.0,40228.0,786,0.0,-0.019,0.0,0.0,0,112000000000.0,0.0,19130.0,70265.0,89395.0,0.7860059287432183,11.626263078808801,0.071,19129.849442574337,8440.0,40228.0
2021-06-30,Lifefocus Superannuation Fund,94579217553.0,0.0,0.0,0,406697.0,5591.0,21526.0,7179.0,276,0.0,35631.0,412,0.0,0.134,0.0,0.0,0,112000000000.0,0.0,12770.0,57157.0,69927.0,0.8173809830251548,11.626263078808801,-0.019,12769.859460482865,7179.0,35631.0
2022-06-30,Lifefocus Superannuation Fund,94579217553.0,0.0,0.0,0,413084.0,6501.0,23989.0,490.0,65,0.0,88978.0,869,0.0,-0.062,0.0,0.0,0,83000000000.0,0.0,6991.0,112967.0,119958.0,0.9417212691108555,11.326607934898927,0.134,6990.726527776433,490.0,88978.0
2020-06-30,Linfox Staff Superannuation Fund,11260931967.0,0.0,0.0,0,,,,,*,,,*,,,0.0,0.0,0,,0.0,,,,,,,,,
2021-06-30,Linfox Staff Superannuation Fund,11260931967.0,0.0,0.0,0,,,,,*,,,*,,,0.0,0.0,0,,0.0,,,,,,,,,
2022-06-30,Linfox Staff Superannuation Fund,11260931967.0,0.0,0.0,0,,,,,*,,,*,,,0.0,0.0,0,,0.0,,,,,,,,,
2020-06-30,Local Authorities Superannuation Fund,24496637884.0,0.0,0.0,0,10174151.0,443314.0,420518.0,173247.0,463,0.0,226406.0,24169,0.0,0.023,0.0,0.0,0,114000000000.0,0.0,616561.0,646924.0,1263485.0,0.5120155759664737,11.643962499267984,0.072,616560.9364149402,173247.0,226406.0
2021-06-30,Local Authorities Superannuation Fund,24496637884.0,0.0,0.0,0,10364655.0,450777.0,409273.0,135336.0,951,0.0,190320.0,26212,0.0,0.173,0.0,0.0,0,137000000000.0,0.0,586113.0,599593.0,1185706.0,0.5056843770715507,11.827743504053695,0.023,586112.9421502211,135336.0,190320.0
2022-06-30,Local Authorities Superannuation Fund,24496637884.0,0.0,0.0,0,12127888.0,503738.0,400654.0,158499.0,3,0.0,226389.0,16366,0.0,-0.037,0.0,0.0,0,135000000000.0,0.0,662237.0,627043.0,1289280.0,0.48635129684785305,11.813037464800539,0.173,662236.9482974282,158499.0,226389.0
2020-06-30,Local Government Super,28901371321.0,0.0,0.0,0,12068817.0,554069.0,567127.0,323714.0,2478,0.0,394521.0,27284,0.0,-0.005,0.0,0.0,0,137000000000.0,0.0,877783.0,961648.0,1839431.0,0.5227964517288226,11.827743504053695,0.066,877782.9203196138,323714.0,394521.0
2021-06-30,Local Government Super,28901371321.0,0.0,0.0,0,11927726.0,553146.0,531776.0,250995.0,4090,0.0,345710.0,28860,0.0,0.151,0.0,0.0,0,159000000000.0,0.0,804141.0,877486.0,1681627.0,0.5218077492809048,11.976665770490767,-0.005,804140.9264330853,250995.0,345710.0
2022-06-30,Local Government Super,28901371321.0,0.0,0.0,0,13644460.0,605126.0,560610.0,338588.0,4675,0.0,428032.0,26876,0.0,-0.031,0.0,0.0,0,150000000000.0,0.0,943714.0,988642.0,1932356.0,0.5116251870773294,11.918397239722838,0.151,943713.9275426071,338588.0,428032.0
2020-06-30,MLC Super Fund,70732426024.0,0.0,0.0,0,81096472.0,4128276.0,3744223.0,1722319.0,13309,14010.0,6816969.0,478319,0.0,-0.023,0.0,0.0,0,66000000000.0,0.0,5836585.0,10561192.0,16397777.0,0.6440624238273274,11.097425172408931,0.067,5836584.869770019,1708309.0,6816969.0
2021-06-30,MLC Super Fund,70732426024.0,0.0,0.0,0,74347296.0,4018937.0,4344894.0,1173181.0,18091,231.0,5595199.0,493139,632519.0,0.193,0.0,0.0,0,86000000000.0,0.0,5191887.0,9307574.0,14499461.0,0.6419255170933595,11.362114203075018,-0.023,5191886.874809516,1172950.0,4962680.0
2022-06-30,MLC Super Fund,70732426024.0,0.0,0.0,0,83146990.0,4439832.0,3983836.0,1298696.0,20420,0.0,4533775.0,494759,0.0,-0.032,0.0,0.0,0,83000000000.0,0.0,5738528.0,8517611.0,14256139.0,0.5974696935825331,11.326607934898927,0.193,5738527.897559599,1298696.0,4533775.0
2020-06-30,MLC Superannuation Fund,40022701955.0,0.0,0.0,0,20689399.0,664536.0,1297751.0,1800191.0,100961,0.0,938042.0,79650,0.0,-0.029,0.0,0.0,0,247000000000.0,0.0,2464727.0,2235793.0,4700520.0,0.47564801341128216,12.417147664184915,0.061,2464726.8919353336,1800191.0,938042.0
2021-06-30,MLC Superannuation Fund,40022701955.0,0.0,0.0,0,20280216.0,832899.0,1230926.0,1931579.0,74475,0.0,1017255.0,93547,0.0,0.169,0.0,0.0,0,268000000000.0,0.0,2764478.0,2248181.0,5012659.0,0.4485006859632782,12.498745990829315,-0.029,2764477.8891441296,1931579.0,1017255.0
2022-06-30,MLC Superannuation Fund,40022701955.0,0.0,0.0,0,24232437.0,1173543.0,1437285.0,1846676.0,86756,0.0,964885.0,114842,0.0,-0.06,0.0,0.0,0,252000000000.0,0.0,3020219.0,2402170.0,5422389.0,0.4430095295634452,12.437188334739655,0.169,3020218.9008696484,1846676.0,964885.0
2020-06-30,Macquarie ADF Superannuation Fund,68073150096.0,0.0,0.0,0,,,,,*,,,*,,,0.0,0.0,0,,0.0,,,,,,,,,
2021-06-30,Macquarie ADF Superannuation Fund,68073150096.0,0.0,0.0,0,72.0,0.0,0.0,0.0,0,0.0,0.0,0,0.0,0.0,0.0,0.0,0,0.0,0.0,0.0,0.0,0.0,,0.0,,0.0,0.0,0.0
2020-06-30,Macquarie Superannuation Plan,65508799106.0,0.0,0.0,0,22503924.0,1064353.0,1203667.0,3134442.0,556204,168.0,972936.0,135474,0.0,-0.027,0.0,0.0,0,263000000000.0,0.0,4198627.0,2176603.0,6375230.0,0.34141560382919517,12.479913113434042,0.065,4198626.903278957,3134274.0,972936.0
2021-06-30,Macquarie Superannuation Plan,65508799106.0,0.0,0.0,0,23871459.0,1292396.0,1224740.0,3712967.0,630982,0.0,935601.0,147273,0.0,0.164,0.0,0.0,0,318000000000.0,0.0,5005363.0,2160341.0,7165704.0,0.3014834271691937,12.669809806411457,-0.027,5005362.909501091,3712967.0,935601.0
2022-06-30,Macquarie Superannuation Plan,65508799106.0,0.0,0.0,0,30844365.0,1763073.0,1472207.0,4240284.0,583334,74524.0,1061663.0,75716,0.0,-0.077,0.0,0.0,0,300000000000.0,0.0,5928833.0,2533870.0,8462703.0,0.29941615580742936,12.611541086966115,0.164,5928832.917849825,4165760.0,1061663.0
2020-06-30,Macquarie University Professorial Superannuation Scheme,98415348576.0,0.0,0.0,0,,,,,*,,,*,,,0.0,0.0,0,,0.0,,,,,,0.053,,,
2021-06-30,Macquarie University Professorial Superannuation Scheme,98415348576.0,0.0,0.0,0,,,,,*,,,*,,,0.0,0.0,0,,0.0,,,,,,,,,
2022-06-30,Macquarie University Professorial Superannuation Scheme,98415348576.0,0.0,0.0,0,,,,,*,,,*,,,0.0,0.0,0,,0.0,,,,,,,,,
2020-06-30,Manildra Flour Mills Retirement Fund,32448411930.0,0.0,0.0,0,,1581.0,638.0,,*,,,*,,-0.048,0.0,0.0,0,420000000000.0,0.0,,,,,12.948012371209098,,,,
2021-06-30,Manildra Flour Mills Retirement Fund,32448411930.0,0.0,0.0,0,,,,,*,,,*,,,0.0,0.0,0,,0.0,,,,,,-0.048,,,
2022-06-30,Manildra Flour Mills Retirement Fund,32448411930.0,0.0,0.0,0,,,,,*,,,*,,,0.0,0.0,0,,0.0,,,,,,,,,
2020-06-30,Map Superannuation Plan,71603157863.0,0.0,0.0,0,783434.0,25370.0,61552.0,234957.0,0,0.0,178042.0,6513,0.0,-0.02,0.0,0.0,0,33000000000.0,0.0,260327.0,239594.0,499921.0,0.4792637236683396,10.404293143019792,0.047,260326.69417462096,234957.0,178042.0
2021-06-30,Map Superannuation Plan,71603157863.0,0.0,0.0,0,788671.0,10412.0,35548.0,18160.0,38,0.0,825837.0,1865,767321.0,,0.0,0.0,0,0.0,0.0,28572.0,94064.0,122636.0,0.767017841416876,0.0,-0.02,28571.8807310019,18160.0,58516.0
2020-06-30,Maritime Super,77455663441.0,0.0,0.0,0,5786553.0,222295.0,271340.0,58981.0,16619,0.0,282770.0,32418,0.0,-0.029,0.0,0.0,0,213000000000.0,0.0,281276.0,554110.0,835386.0,0.6632981639625275,12.269052139516223,0.052,281275.9042417826,58981.0,282770.0
2021-06-30,Maritime Super,77455663441.0,0.0,0.0,0,5344720.0,212501.0,256393.0,36081.0,10671,0.0,187843.0,15839,0.0,0.189,0.0,0.0,0,250000000000.0,0.0,248582.0,444236.0,692818.0,0.6412015854091551,12.429220196836383,-0.029,248581.91688320437,36081.0,187843.0
2022-06-30,Maritime Super,77455663441.0,0.0,0.0,0,6137495.0,234526.0,236240.0,53329.0,14699,0.0,303573.0,18188,0.0,-0.013,0.0,0.0,0,250000000000.0,1.0,287855.0,539813.0,827668.0,0.6522095816196832,12.429220196836383,0.189,287854.91204669006,53329.0,303573.0
2020-06-30,Mason Stevens Super,34422545198.0,0.0,0.0,0,155990.0,9227.0,9977.0,82737.0,3130,0.0,8006.0,1650,0.0,-0.018,0.0,0.0,0,270000000000.0,0.0,91964.0,17983.0,109947.0,0.16356062466461113,12.506180941677357,0.037,91963.88471696904,82737.0,8006.0
2021-06-30,Mason Stevens Super,34422545198.0,0.0,0.0,0,226469.0,20849.0,15004.0,166382.0,18326,0.0,39994.0,3135,0.0,0.113,0.0,0.0,0,314000000000.0,0.0,187231.0,54998.0,242229.0,0.22704961007971794,12.657151449598695,-0.018,187230.7571499852,166382.0,39994.0
2022-06-30,Mason Stevens Super,34422545198.0,0.0,0.0,0,391658.0,33186.0,18419.0,174670.0,1809,0.0,16814.0,964,0.0,-0.087,0.0,0.0,0,296000000000.0,0.0,207856.0,35233.0,243089.0,0.14493868500837143,12.598118111678868,0.113,207855.91004141368,174670.0,16814.0
2020-06-30,Max Super Fund,22508720840.0,0.0,0.0,0,100759.0,5779.0,6724.0,6989.0,0,0.0,10159.0,1232,0.0,-0.016,0.0,0.0,0,16000000000.0,0.0,12768.0,16883.0,29651.0,0.5693905770463054,9.680406499268875,0.087,12767.832441766988,6989.0,10159.0
2020-06-30,Meat Industry Employees Superannuation Fund,17317520544.0,0.0,0.0,0,882501.0,43926.0,67509.0,19325.0,244,0.0,52177.0,3134,0.0,0.031,0.0,0.0,0,44000000000.0,0.0,63251.0,119686.0,182937.0,0.6542470905284333,10.691967639914864,0.084,63250.86437862393,19325.0,52177.0
2021-06-30,Meat Industry Employees Superannuation Fund,17317520544.0,0.0,0.0,0,854905.0,43373.0,62453.0,8772.0,30,0.0,26781.0,1527,0.0,0.15,0.0,0.0,0,56000000000.0,0.0,52145.0,89234.0,141379.0,0.6311687025654447,10.933124826700707,0.031,52144.895621150885,8772.0,26781.0
2022-06-30,Meat Industry Employees Superannuation Fund,17317520544.0,0.0,0.0,0,944418.0,46413.0,32997.0,9969.0,38,0.0,34219.0,2363,0.0,0.002,0.0,0.0,0,57000000000.0,0.0,56382.0,67216.0,123598.0,0.5438275700254049,10.950824090522445,0.15,56381.92882812484,9969.0,34219.0
2020-06-30,Media Super,42574421650.0,0.0,0.0,0,6016627.0,251620.0,226857.0,131070.0,2966.0,0.0,182590.0,19950.0,0.0,-0.01,0.0,0.0,0,78000000000.0,0.0,382690.0,409447.0,792137.0,0.5168891239772918,11.264476926102367,0.083,382689.9319474184,131070.0,182590.0
2021-06-30,Media Super,42574421650.0,0.0,1.0,CONSTRUCTION AND BUILDING UNIONS SUPERANNUATION FUND,5920220.0,251864.0,217085.0,69104.0,3801.0,0.0,168789.0,21098.0,0.0,0.16,0.0,1.0,CONSTRUCTION AND BUILDING UNIONS SUPERANNUATION FUND,93000000000.0,0.0,320968.0,385874.0,706842.0,0.5459126650651772,11.440365524765756,-0.01,320967.9348210033,69104.0,168789.0
2020-06-30,Mercer Portfolio Service Superannuation Plan,92181844838.0,0.0,0.0,0,2091146.0,33634.0,154455.0,76968.0,3294,0.0,94804.0,5443,0.0,-0.005,0.0,0.0,0,318000000000.0,0.0,110602.0,249259.0,359861.0,0.6926535523438216,12.669809806411457,0.062,110601.88080267949,76968.0,94804.0
2021-06-30,Mercer Portfolio Service Superannuation Plan,92181844838.0,0.0,0.0,0,1941276.0,28829.0,135756.0,52104.0,2792,0.0,111820.0,2577,0.0,0.153,0.0,0.0,0,358000000000.0,0.0,80933.0,247576.0,328509.0,0.7536353646323236,12.788291058675025,-0.005,80932.87246738742,52104.0,111820.0
2022-06-30,Mercer Portfolio Service Superannuation Plan,92181844838.0,0.0,0.0,0,2059329.0,33587.0,139588.0,33328.0,0,0.0,92494.0,6995,0.0,-0.052,0.0,0.0,0,329000000000.0,0.0,66915.0,232082.0,298997.0,0.7762017679107148,12.703816069256568,0.153,66914.88730212608,33328.0,92494.0
2020-06-30,Mercer Super Trust,19905422981.0,0.0,0.0,0,25047417.0,1114228.0,650967.0,1470658.0,7395.0,856386.0,2108846.0,148341.0,369509.0,-0.01,0.0,0.0,0,99000000000.0,0.0,1728500.0,2390304.0,4118804.0,0.5803393412262394,11.502885230075814,0.071,1728499.9045688424,614272.0,1739337.0
2021-06-30,Mercer Super Trust,19905422981.0,0.0,0.0,0,24508430.0,1174537.0,616719.0,1806062.0,7124.0,1165572.0,1889066.0,153785.0,223554.0,0.177,0.0,0.0,0,97000000000.0,0.0,1815027.0,2282231.0,4097258.0,0.5570142275638976,11.48247656671073,-0.01,1815026.9068797552,640490.0,1665512.0
2022-06-30,Mercer Super Trust,19905422981.0,0.0,0.0,0,29167860.0,1354733.0,561086.0,894983.0,9743.0,0.0,1812539.0,185251.0,0.0,-0.053,0.0,0.0,0,91000000000.0,0.0,2249716.0,2373625.0,4623341.0,0.5134003743180526,11.418625774449596,0.177,2249715.918621901,894983.0,1812539.0
2020-06-30,Mercy Super,11789425178.0,0.0,0.0,0,1414121.0,86939.0,39820.0,50199.0,2591,0.0,70705.0,5495,0.0,0.001,0.0,0.0,0,106000000000.0,0.0,137138.0,110525.0,247663.0,0.4462717483031377,11.571203807011969,0.063,137137.92184190746,50199.0,70705.0
2021-06-30,Mercy Super,11789425178.0,0.0,0.0,0,1434000.0,89325.0,41423.0,31973.0,1313,0.0,71456.0,8169,0.0,0.153,0.0,0.0,0,123000000000.0,0.0,121298.0,112879.0,234177.0,0.48202428077906884,11.719947764402807,0.001,121297.92128382147,31973.0,71456.0
2022-06-30,Mercy Super,11789425178.0,0.0,0.0,0,1654260.0,98595.0,45128.0,32493.0,1539,0.0,88222.0,10850,0.0,-0.023,0.0,0.0,0,118000000000.0,0.0,131088.0,133350.0,264438.0,0.5042769949855921,11.678448377988165,0.153,131087.9193899387,32493.0,88222.0
2020-06-30,Military Superannuation & Benefits Fund No 1,50925523120.0,0.0,0.0,0,54681249.0,1307843.0,1161989.0,54463.0,107,0.0,97007.0,11772,0.0,-0.006387680698419784,0.0,0.0,0,321000000000.0,0.0,1362306.0,1258996.0,2621302.0,0.48029414390253394,12.679199517372098,0.04392482676803884,1362305.9769757271,54463.0,97007.0
2021-06-30,Military Superannuation & Benefits Fund No 1,50925523120.0,0.0,0.0,0,57819695.0,1486159.0,1361061.0,37389.0,57,0.0,116619.0,10398,0.0,0.141,0.0,0.0,0,379000000000.0,0.0,1523548.0,1477680.0,3001228.0,0.49235846126985355,12.84529412258351,-0.006387680698419784,1523547.9744433104,37389.0,116619.0
2022-06-30,Military Superannuation & Benefits Fund No 1,50925523120.0,0.0,0.0,0,68646311.0,1750750.0,1604756.0,23594.0,34,0.0,155789.0,14362,0.0,-0.018,0.0,0.0,0,420000000000.0,0.0,1774344.0,1760545.0,3534889.0,0.4980481706780609,12.948012371209098,0.141,1774343.9743533924,23594.0,155789.0
2020-06-30,Mine Superannuation Fund,16457520308.0,0.0,0.0,0,11092625.0,485543.0,456081.0,155151.0,5214,0.0,498529.0,53274,0.0,-0.01,0.0,0.0,0,172000000000.0,0.0,640694.0,954610.0,1595304.0,0.5983875173634617,12.055255569732177,0.055,640693.9139419209,155151.0,498529.0
2021-06-30,Mine Superannuation Fund,16457520308.0,0.0,0.0,0,10631809.0,480122.0,422812.0,113095.0,8590,0.0,409014.0,63236,0.0,0.187,0.0,0.0,0,207000000000.0,0.0,593217.0,831826.0,1425043.0,0.5837199298547482,12.240478903153711,-0.01,593216.9217606336,113095.0,409014.0
2022-06-30,Mine Superannuation Fund,16457520308.0,0.0,0.0,0,12305045.0,570387.0,453787.0,125541.0,11070,0.0,391109.0,63322,0.0,-0.051,0.0,0.0,0,194000000000.0,0.0,695928.0,844896.0,1540824.0,0.5483403685300852,12.175618592671356,0.187,695927.9313374311,125541.0,391109.0
2020-06-30,MyLifeMyMoney Superannuation Fund,50237896957.0,0.0,0.0,0,9987227.0,457664.0,432753.0,202680.0,21942,0.0,250637.0,21290,0.0,0.003,0.0,0.0,0,132000000000.0,0.0,660344.0,683390.0,1343734.0,0.5085753579205409,11.790564777297387,0.053,660343.931573599,202680.0,250637.0
2020-06-30,NESS Super,72229227691.0,0.0,0.0,0,824233.0,54191.0,24507.0,16342.0,491,0.0,42870.0,5304,0.0,-0.022,0.0,0.0,0,62000000000.0,0.0,70533.0,67377.0,137910.0,0.4885577550576463,11.034905792929415,0.068,70532.91825491092,16342.0,42870.0
2021-06-30,NESS Super,72229227691.0,0.0,0.0,0,809457.0,56608.0,27650.0,10159.0,0,0.0,33639.0,4307,0.0,0.197,0.0,0.0,0,79000000000.0,0.0,66767.0,61289.0,128056.0,0.4786109202224027,11.277215789596893,-0.022,66766.92428381002,10159.0,33639.0
2022-06-30,NESS Super,72229227691.0,0.0,0.0,0,974547.0,59873.0,14336.0,12297.0,1701,0.0,37535.0,8454,0.0,-0.044,0.0,0.0,0,77000000000.0,0.0,72170.0,51871.0,124041.0,0.4181762481760063,11.251573687764477,0.197,72169.94677424486,12297.0,37535.0
2020-06-30,NGS Super,73549180515.0,0.0,0.0,0,11425666.0,627143.0,370035.0,284619.0,12099.0,0.0,388990.0,39169.0,0.0,-0.007,0.0,0.0,0,99000000000.0,0.0,911762.0,759025.0,1670787.0,0.4542918995658932,11.502885230075814,0.068,911761.933568424,284619.0,388990.0
2021-06-30,NGS Super,73549180515.0,0.0,0.0,0,11461993.0,645522.0,354319.0,184215.0,7899.0,0.0,324354.0,35500.0,0.0,0.171,0.0,0.0,0,120000000000.0,0.0,829737.0,678673.0,1508410.0,0.44992608110526977,11.695255355062795,-0.007,829736.9407892677,184215.0,324354.0
2022-06-30,NGS Super,73549180515.0,0.0,0.0,0,13549841.0,711092.0,353903.0,260500.0,13410.0,0.0,464880.0,51242.0,0.0,-0.044,0.0,0.0,0,116000000000.0,0.0,971592.0,818783.0,1790375.0,0.4573248621098932,11.661354090741,0.171,971591.9395725012,260500.0,464880.0
2020-06-30,National Mutual Pro-Super Fund,46208334003.0,0.0,0.0,0,,,,,*,,,*,,,0.0,0.0,0,,0.0,,,,,,,,,
2021-06-30,National Mutual Pro-Super Fund,46208334003.0,0.0,0.0,0,,,,,*,,,*,,,0.0,0.0,0,,0.0,,,,,,,,,
2020-06-30,National Mutual Retirement Fund,76746741299.0,0.0,0.0,0,2022389.0,65409.0,177784.0,4834813.0,0,4816828.0,298076.0,17949,0.0,0.014,0.0,0.0,0,26000000000.0,0.0,83394.0,475860.0,559254.0,0.8508834983746205,10.165890277802454,0.057,83393.76470402084,17985.0,298076.0
2021-06-30,National Mutual Retirement Fund,76746741299.0,0.0,0.0,0,6492073.0,195949.0,330997.0,64462.0,0,0.0,559194.0,32827,0.0,0.105,0.0,0.0,0,29000000000.0,0.0,260411.0,890191.0,1150602.0,0.7736741288473338,10.275085591132715,0.014,260410.86288031572,64462.0,559194.0
2022-06-30,National Mutual Retirement Fund,76746741299.0,0.0,0.0,0,6462686.0,184190.0,232358.0,107742.0,0,0.0,489789.0,28820,0.0,0.009,0.0,0.0,0,29000000000.0,0.0,291932.0,722147.0,1014079.0,0.7121210477684677,10.275085591132715,0.105,291931.88825899945,107742.0,489789.0
2020-06-30,Netwealth Superannuation Master Fund,94573747704.0,0.0,0.0,0,9774805.0,628297.0,574984.0,2592945.0,26647,0.0,470105.0,76498,0.0,-0.025,0.0,0.0,0,196000000000.0,0.0,3221242.0,1045089.0,4266331.0,0.24496200599531542,12.185875040240456,0.058,3221241.8930833912,2592945.0,470105.0
2021-06-30,Netwealth Superannuation Master Fund,94573747704.0,0.0,0.0,0,11657153.0,853725.0,640531.0,3443970.0,36061,0.0,497170.0,88787,0.0,0.153,0.0,0.0,0,242000000000.0,0.0,4297695.0,1137701.0,5435396.0,0.20931336005693055,12.396697137361691,-0.025,4297694.902403185,3443970.0,497170.0
2022-06-30,Netwealth Superannuation Master Fund,94573747704.0,0.0,0.0,0,16821237.0,1292771.0,808226.0,3878378.0,36061,0.0,582168.0,88787,0.0,-0.083,0.0,0.0,0,236000000000.0,0.0,5171149.0,1390394.0,6561543.0,0.21190046304657303,12.371591321286905,0.153,5171148.917342939,3878378.0,582168.0
2020-06-30,Oasis Superannuation Master Trust,81154851339.0,0.0,0.0,0,4546757.0,97053.0,261885.0,47486.0,5693,0.0,454777.0,26678,0.0,-0.022,0.0,0.0,0,159000000000.0,0.0,144539.0,716662.0,861201.0,0.8321657777917119,11.976665770490767,0.049,144538.84237952458,47486.0,454777.0
2021-06-30,Oasis Superannuation Master Trust,81154851339.0,0.0,0.0,0,3876489.0,100198.0,204054.0,30995.0,2972,0.0,437421.0,30674,0.0,0.164,0.0,0.0,0,177000000000.0,0.0,131193.0,641475.0,772668.0,0.8302077994688534,12.083910661257521,-0.022,131192.83452165092,30995.0,437421.0
2022-06-30,Oasis Superannuation Master Trust,81154851339.0,0.0,0.0,0,3960156.0,95939.0,182925.0,29634.0,4359,0.0,370035.0,19754,0.0,-0.07,0.0,0.0,0,162000000000.0,0.0,125573.0,552960.0,678533.0,0.8149345720841875,11.995357787034976,0.164,125572.86036913698,29634.0,370035.0
2020-06-30,OneSuper,43905581638.0,0.0,0.0,0,187831.0,9604.0,9571.0,2838.0,0,0.0,18909.0,658,0.0,-0.014,0.0,0.0,0,30000000000.0,0.0,12442.0,28480.0,40922.0,0.6959581643125947,10.308985993422082,0.065,12441.848374336505,2838.0,18909.0
2021-06-30,OneSuper,43905581638.0,0.0,0.0,0,168004.0,49286.0,40401.0,1083810.0,0,1053699.0,109039.0,3526,0.0,0.183,0.0,0.0,0,22000000000.0,0.0,79397.0,149440.0,228837.0,0.6530412477003282,9.99884318585288,-0.014,79396.11049736911,30111.0,109039.0
2022-06-30,OneSuper,43905581638.0,0.0,0.0,0,1273643.0,76598.0,40774.0,218556.0,0,0.0,209296.0,14965,0.0,-0.073,0.0,0.0,0,20000000000.0,0.0,295154.0,250070.0,545224.0,0.45865552506859564,9.90353755128617,0.183,295153.8036576969,218556.0,209296.0
2020-06-30,Perpetual Super Wrap,22897174641.0,0.0,0.0,0,1551453.0,100224.0,82236.0,69488.0,17409,0.0,78504.0,3991,0.0,-0.019,0.0,0.0,0,1006000000000.0,0.0,169712.0,160740.0,330452.0,0.48642465471535956,13.821493623677112,0.063,169711.89639389655,69488.0,78504.0
2021-06-30,Perpetual Super Wrap,22897174641.0,0.0,0.0,0,1531088.0,62816.0,63495.0,91987.0,22648,0.0,47821.0,2931,0.0,0.206,0.0,0.0,0,1155000000000.0,0.0,154803.0,111316.0,266119.0,0.41829407144923886,13.959611767738522,-0.019,154802.92729614498,91987.0,47821.0
2022-06-30,Perpetual Super Wrap,22897174641.0,0.0,0.0,0,1895143.0,82306.0,78278.0,92135.0,20161,0.0,42128.0,3691,0.0,-0.072,0.0,0.0,0,980000000000.0,0.0,174441.0,120406.0,294847.0,0.4083677297038803,13.795308871054397,0.206,174440.9364660081,92135.0,42128.0
2020-06-30,Perpetual WealthFocus Superannuation Fund,41772007500.0,0.0,0.0,0,1836168.0,38106.0,75657.0,21431.0,836,0.0,220845.0,16575,0.0,-0.048,0.0,0.0,0,117000000000.0,0.0,59537.0,296502.0,356039.0,0.8327795550487447,11.669937760751914,0.06,59536.83852131177,21431.0,220845.0
2021-06-30,Perpetual WealthFocus Superannuation Fund,41772007500.0,0.0,0.0,0,1514288.0,43883.0,65092.0,17832.0,444,0.0,134915.0,15156,0.0,0.243,0.0,0.0,0,145000000000.0,0.0,61715.0,200007.0,261722.0,0.764196361024293,11.884495917930655,-0.048,61714.867920105025,17832.0,134915.0
2022-06-30,Perpetual WealthFocus Superannuation Fund,41772007500.0,0.0,0.0,0,1725496.0,50760.0,54637.0,14590.0,642,0.0,114885.0,16653,0.0,-0.039,0.0,0.0,0,141000000000.0,0.0,65350.0,169522.0,234872.0,0.721763343438128,11.856522261533737,0.243,65349.90175462591,14590.0,114885.0
2020-06-30,Perpetual's Select Superannuation Fund,51068260563.0,0.0,0.0,0,1456393.0,39742.0,72156.0,12843.0,25,0.0,100748.0,12446,0.0,-0.012,0.0,0.0,0,113000000000.0,0.0,52585.0,172904.0,225489.0,0.7667957195251209,11.635151947212842,0.063,52584.88127929755,12843.0,100748.0
2021-06-30,Perpetual's Select Superannuation Fund,51068260563.0,0.0,0.0,0,1316643.0,30056.0,53101.0,7504.0,1155,0.0,254822.0,5745,191445.0,0.175,0.0,0.0,0,238000000000.0,0.0,37560.0,116478.0,154038.0,0.7561640634129241,12.380030154325457,-0.012,37559.91153410605,7504.0,63377.0
2022-06-30,Perpetual's Select Superannuation Fund,51068260563.0,0.0,0.0,0,1253567.0,22671.0,54655.0,1959.0,44,0.0,42948.0,5858,0.0,-0.047,0.0,0.0,0,228000000000.0,0.0,24630.0,97603.0,122233.0,0.7984995868546138,12.337105293891872,0.175,24629.92213978192,1959.0,42948.0
2020-06-30,Personal Choice Private Fund,50159477169.0,0.0,0.0,0,269174.0,6564.0,19275.0,7933.0,0,0.0,20804.0,2663,0.0,-0.035,0.0,0.0,0,225000000000.0,0.0,14497.0,40079.0,54576.0,0.7343704192318968,12.323860125621126,0.061,14496.851103747018,7933.0,20804.0
2021-06-30,Personal Choice Private Fund,50159477169.0,0.0,0.0,0,234080.0,6225.0,14583.0,9630.0,3,0.0,22091.0,234,0.0,0.166,0.0,0.0,0,254000000000.0,0.0,15855.0,36674.0,52529.0,0.6981667269508272,12.445093483000798,-0.035,15854.843327067669,9630.0,22091.0
2022-06-30,Personal Choice Private Fund,50159477169.0,0.0,0.0,0,250140.0,5869.0,16562.0,436.0,0,0.0,41932.0,11037,0.0,-0.061,0.0,0.0,0,213000000000.0,0.0,6305.0,58494.0,64799.0,0.9026991157270946,12.269052139516223,0.166,6304.766154953226,436.0,41932.0
2022-06-30,Platformplus Super Wrap,18906079389.0,0.0,0.0,0,,680.0,5.0,3241.0,0,0.0,0.0,0,0.0,-0.012,0.0,0.0,0,125000000000.0,0.0,3921.0,5.0,3926.0,0.0012735608762098828,11.736077016252437,,,3241.0,0.0
2020-06-30,Powerwrap Master Plan,82890650204.0,0.0,0.0,0,206797.0,4567.0,18267.0,13134.0,3215,0.0,64103.0,920,0.0,-0.02,0.0,0.0,0,153000000000.0,0.0,17701.0,82370.0,100071.0,0.8231155879325679,11.938199736300925,0.065,17700.60168667824,13134.0,64103.0
2021-06-30,Powerwrap Master Plan,82890650204.0,0.0,0.0,0,138108.0,2989.0,8175.0,13847.0,858,0.0,158662.0,2363,133295.0,,0.0,0.0,0,0.0,0.0,16836.0,33542.0,50378.0,0.6658065028385406,0.0,-0.02,16835.757132099516,13847.0,25367.0
2020-06-30,Praemium SMA Superannuation Fund,75703857864.0,0.0,0.0,0,1262567.0,81033.0,58264.0,369778.0,0,0.0,111643.0,10443,0.0,-0.009,0.0,0.0,0,194000000000.0,0.0,450811.0,169907.0,620718.0,0.2737265553761934,12.175618592671356,0.062,450810.8654273397,369778.0,111643.0
2021-06-30,Praemium SMA Superannuation Fund,75703857864.0,0.0,0.0,0,1521223.0,124188.0,81162.0,807507.0,0,133295.0,137623.0,10554,0.0,0.144,0.0,0.0,0,234000000000.0,0.0,798400.0,218785.0,1017185.0,0.21508870067883423,12.36308066783498,-0.009,798399.8561782198,674212.0,137623.0
2022-06-30,Praemium SMA Superannuation Fund,75703857864.0,0.0,0.0,0,2493758.0,228201.0,122470.0,845207.0,0,0.0,165534.0,22865,0.0,-0.094,0.0,0.0,0,235000000000.0,0.0,1073408.0,288004.0,1361412.0,0.21154801044797608,12.367345048436391,0.144,1073407.8845100447,845207.0,165534.0
2020-06-30,Premiumchoice Retirement Service,70479285132.0,0.0,0.0,0,448074.0,15899.0,17943.0,33484.0,1586,0.0,20493.0,3310,0.0,-0.019,0.0,0.0,0,225000000000.0,0.0,49383.0,38436.0,87819.0,0.4376729409353329,12.323860125621126,0.057,49382.91421952624,33484.0,20493.0
2021-06-30,Premiumchoice Retirement Service,70479285132.0,0.0,0.0,0,450050.0,19837.0,15165.0,18604.0,1522,0.0,14904.0,543,0.0,0.158,0.0,0.0,0,258000000000.0,0.0,38441.0,30069.0,68510.0,0.43889943074003795,12.460718739865236,-0.019,38440.93318742362,18604.0,14904.0
2022-06-30,Premiumchoice Retirement Service,70479285132.0,0.0,0.0,0,528935.0,22078.0,23962.0,15773.0,772,0.0,45342.0,3699,0.0,-0.073,0.0,0.0,0,233000000000.0,0.0,37851.0,69304.0,107155.0,0.6467640334095469,12.358798024384122,0.158,37850.868974448655,15773.0,45342.0
2020-06-30,Prime Super,60562335823.0,0.0,0.0,0,5143671.0,342207.0,255345.0,98887.0,1341.0,0.0,184705.0,12522.0,0.0,-0.001,0.0,0.0,0,40000000000.0,0.0,441094.0,440050.0,881144.0,0.4994075883170061,10.596659732783579,0.068,441093.9144482608,98887.0,184705.0
2021-06-30,Prime Super,60562335823.0,0.0,0.0,0,5138550.0,375066.0,262877.0,84784.0,1182.0,0.0,142511.0,16169.0,0.0,0.174,0.0,0.0,0,48000000000.0,0.0,459850.0,405388.0,865238.0,0.4685277345655184,10.778977123006351,-0.001,459849.9211084839,84784.0,142511.0
2022-06-30,Prime Super,60562335823.0,0.0,0.0,0,6096425.0,444507.0,155634.0,87041.0,1116.0,0.0,194213.0,26285.0,0.0,-0.051,0.0,0.0,0,44000000000.0,0.0,531548.0,349847.0,881395.0,0.3969241940333222,10.691967639914864,0.174,531547.9426144011,87041.0,194213.0
2020-06-30,Public Sector Superannuation Accumulation Plan,65127917725.0,0.0,0.0,0,14504909.0,1193425.0,243538.0,522739.0,7937,0.0,460779.0,31759,0.0,-0.007,0.0,0.0,0,109000000000.0,0.0,1716164.0,704317.0,2420481.0,0.2909822469170384,11.599112335481124,0.079,1716163.9514428528,522739.0,460779.0
2021-06-30,Public Sector Superannuation Accumulation Plan,65127917725.0,0.0,0.0,0,15358503.0,1305339.0,244652.0,455057.0,8633,0.0,450490.0,43978,0.0,0.179,0.0,0.0,0,131000000000.0,0.0,1760396.0,695142.0,2455538.0,0.283091526174712,11.782960235741939,-0.007,1760395.9547389483,455057.0,450490.0
2022-06-30,Public Sector Superannuation Accumulation Plan,65127917725.0,0.0,0.0,0,19188043.0,1478502.0,212346.0,585576.0,10114,0.0,759767.0,55347,0.0,-0.034,0.0,0.0,0,129000000000.0,0.0,2064078.0,972113.0,3036191.0,0.3201751800199658,11.767575435251748,0.179,2064077.949337564,585576.0,759767.0
2020-06-30,Public Sector Superannuation Scheme,74172177893.0,0.0,0.0,0,83218624.0,1914813.0,2474826.0,67467.0,172,0.0,140722.0,5271,0.0,-0.007737151059434433,0.0,0.0,0,395000000000.0,0.0,1982280.0,2615548.0,4597828.0,0.5688659949871983,12.886643575525625,0.06617978689082438,1982279.9685701604,67467.0,140722.0
2021-06-30,Public Sector Superannuation Scheme,74172177893.0,0.0,0.0,0,87248009.0,2019076.0,2738705.0,50888.0,587,0.0,143537.0,6820,0.0,0.15,0.0,0.0,0,431000000000.0,0.0,2069964.0,2882242.0,4952206.0,0.5820117337606715,12.973865689268807,-0.007737151059434433,2069963.9669649538,50888.0,143537.0
2022-06-30,Public Sector Superannuation Scheme,74172177893.0,0.0,0.0,0,94199285.0,2249712.0,2985848.0,43363.0,129,0.0,162148.0,2227,0.0,-0.025,0.0,0.0,0,459000000000.0,0.0,2293075.0,3147996.0,5441071.0,0.5785618309336525,13.036807667689546,0.15,2293074.96658153,43363.0,162148.0
2020-06-30,Qantas Superannuation Plan,41272198829.0,0.0,0.0,0,8380850.0,258843.0,227809.0,92756.0,1859,0.0,302527.0,44831,0.0,-0.004,0.0,0.0,0,258000000000.0,0.0,351599.0,530336.0,881935.0,0.6013322977316923,12.460718739865236,0.065,351598.9367204997,92756.0,302527.0
2021-06-30,Qantas Superannuation Plan,41272198829.0,0.0,0.0,0,8160045.0,182128.0,229734.0,36029.0,2485,0.0,907760.0,72394,0.0,0.17,0.0,0.0,0,296000000000.0,0.0,218157.0,1137494.0,1355651.0,0.8390758388405275,12.598118111678868,-0.004,218156.86060199424,36029.0,907760.0
2022-06-30,Qantas Superannuation Plan,41272198829.0,0.0,0.0,0,8532172.0,179801.0,176530.0,47111.0,2600,0.0,533454.0,56597,0.0,0.008,0.0,0.0,0,299000000000.0,0.0,226912.0,709984.0,936896.0,0.7578044948425439,12.608202196848836,0.17,226911.9167874253,47111.0,533454.0
2020-06-30,Rei Super,76641658449.0,0.0,0.0,0,1692346.0,97822.0,72304.0,33774.0,1451,0.0,79759.0,14376,0.0,-0.022,0.0,0.0,0,62000000000.0,0.0,131596.0,152063.0,283659.0,0.5360767682322789,11.034905792929415,0.055,131595.91014662487,33774.0,79759.0
2021-06-30,Rei Super,76641658449.0,0.0,0.0,0,1636280.0,108000.0,66520.0,21022.0,1653,0.0,66473.0,16087,0.0,0.186,0.0,0.0,0,78000000000.0,0.0,129022.0,132993.0,262015.0,0.5075778104307005,11.264476926102367,-0.022,129021.91872234581,21022.0,66473.0
2022-06-30,Rei Super,76641658449.0,0.0,0.0,0,1932915.0,126338.0,38165.0,24486.0,3384,0.0,71498.0,16881,0.0,-0.056,0.0,0.0,0,77000000000.0,0.0,150824.0,109663.0,260487.0,0.4209922184216487,11.251573687764477,0.186,150823.94326548243,24486.0,71498.0
2020-06-30,Retail Employees Superannuation Trust,62653671394.0,0.0,0.0,0,56038459.0,4660907.0,3355361.0,1490996.0,5570,0.0,2890180.0,149480,0.0,-0.015,0.0,0.0,0,30000000000.0,0.0,6151903.0,6245541.0,12397444.0,0.5037765042536188,10.308985993422082,0.055,6151902.888549023,1490996.0,2890180.0
2021-06-30,Retail Employees Superannuation Trust,62653671394.0,0.0,0.0,0,54732673.0,4974190.0,2911241.0,974113.0,303,0.0,1974155.0,165749,0.0,0.168,0.0,0.0,0,35000000000.0,0.0,5948303.0,4885396.0,10833699.0,0.45094440966100313,10.463131911491967,-0.015,5948302.910740774,974113.0,1974155.0
2022-06-30,Retail Employees Superannuation Trust,62653671394.0,0.0,0.0,0,64883077.0,5699056.0,1462434.0,952758.0,16866,0.0,2568679.0,198601,0.0,-0.026,0.0,0.0,0,34000000000.0,0.0,6651814.0,4031113.0,10682927.0,0.37734162182330744,10.434145214930487,0.168,6651813.937871118,952758.0,2568679.0
2020-06-30,Retirement Portfolio Service,61808189263.0,1.0,0.0,0,38782084.0,1869640.0,2333244.0,2024999.0,38269.0,0.0,4673868.0,195541.0,0.0,-0.02,1.0,0.0,0,41000000000.0,0.0,3894639.0,7007112.0,10901751.0,0.6427510589812591,10.62135173563291,0.058,3894638.819320901,2024999.0,4673868.0
2021-06-30,Retirement Portfolio Service,61808189263.0,0.0,0.0,0,34800543.0,1857992.0,2018018.0,718660.0,28689.0,0.0,3132044.0,192390.0,0.0,0.167,0.0,0.0,0,49000000000.0,0.0,2576652.0,5150062.0,7726714.0,0.6665268055734948,10.799595985047786,-0.02,2576651.852012022,718660.0,3132044.0
2022-06-30,Retirement Portfolio Service,61808189263.0,0.0,0.0,0,37671896.0,2036946.0,1841254.0,1005082.0,20008.0,0.0,2988832.0,186094.0,0.0,-0.059,0.0,0.0,0,47000000000.0,0.0,3042028.0,4830086.0,7872114.0,0.6135691124391746,10.757924157061597,0.167,3042027.8717854284,1005082.0,2988832.0
2020-06-30,Retirement Wrap,39827542991.0,0.0,0.0,0,69626319.0,3477717.0,3813555.0,9909150.0,274232,5608549.0,5984349.0,1085218,0.0,-0.031,0.0,0.0,0,77000000000.0,0.0,7778318.0,9797904.0,17576222.0,0.5574522215297463,11.251573687764477,0.063,7778317.85927873,4300601.0,5984349.0
2021-06-30,Retirement Wrap,39827542991.0,0.0,0.0,0,70820366.0,3998301.0,3451675.0,5788842.0,300478,1343192.0,4589893.0,708406,0.0,0.178,0.0,0.0,0,101000000000.0,0.0,8443951.0,8041568.0,16485519.0,0.4877958649648822,11.522885696764481,-0.031,8443950.886451194,4445650.0,4589893.0
2022-06-30,Retirement Wrap,39827542991.0,0.0,0.0,0,85022890.0,4745446.0,3090882.0,7339919.0,437215,2866736.0,6015689.0,551679,0.0,-0.069,0.0,0.0,0,104000000000.0,1.0,9218629.0,9106571.0,18325200.0,0.4969425163163294,11.552155793461898,0.178,9218628.892892715,4473183.0,6015689.0
2020-06-30,Russell Investments Master Trust,89384753567.0,0.0,0.0,0,9430897.0,367690.0,269067.0,175707.0,1870.0,0.0,773560.0,51799.0,0.0,-0.012,0.0,0.0,0,115000000000.0,0.0,543397.0,1042627.0,1586024.0,0.6573841253347995,11.652696102959753,0.061,543396.8894456169,175707.0,773560.0
2021-06-30,Russell Investments Master Trust,89384753567.0,0.0,0.0,0,8814541.0,367467.0,254696.0,398867.0,1420.0,297280.0,583672.0,59650.0,0.0,0.181,0.0,0.0,0,135000000000.0,0.0,469054.0,838368.0,1307422.0,0.6412374887373778,11.813037464800539,-0.012,469053.90488807077,101587.0,583672.0
2022-06-30,Russell Investments Master Trust,89384753567.0,0.0,0.0,0,10322390.0,415921.0,204382.0,131361.0,2024.0,61.0,620228.0,51744.0,0.0,-0.054,0.0,0.0,0,128000000000.0,0.0,547221.0,824610.0,1371831.0,0.601101739208401,11.759793355371237,0.181,547220.9201144308,131300.0,620228.0
2020-06-30,SMF Eligible Rollover Fund,82810851250.0,0.0,0.0,0,63452.0,0.0,18336.0,184.0,0,0.0,8102.0,0,0.0,0.006,0.0,0.0,0,14000000000.0,0.0,184.0,26438.0,26622.0,0.993088423108707,9.546884034617925,0.037,183.58333858664818,184.0,8102.0
2021-06-30,SMF Eligible Rollover Fund,82810851250.0,0.0,0.0,0,37523.0,0.0,3165.0,179.0,0,0.0,2720.0,0,0.0,0.054,0.0,0.0,0,23000000000.0,0.0,179.0,5885.0,6064.0,0.9704815303430079,10.043292972227004,0.006,178.84316286011247,179.0,2720.0
2020-06-30,SPSL Master Trust,98350952022.0,0.0,0.0,0,6910591.0,356809.0,383642.0,282033.0,0.0,0.0,665729.0,26214.0,0.0,-0.012,0.0,0.0,0,41000000000.0,0.0,638842.0,1049371.0,1688213.0,0.6215868495266889,10.62135173563291,0.059,638841.8481503247,282033.0,665729.0
2021-06-30,SPSL Master Trust,98350952022.0,0.0,0.0,0,6340992.0,360816.0,372001.0,227801.0,0.0,0.0,622025.0,26619.0,0.0,0.16,0.0,0.0,0,49000000000.0,0.0,588617.0,994026.0,1582643.0,0.6280797375023931,10.799595985047786,-0.012,588616.8432380927,227801.0,622025.0
2022-06-30,SPSL Master Trust,98350952022.0,0.0,1.0,LGIAsuper,6851659.0,384343.0,243854.0,237807.0,0.0,0.0,559917.0,35103.0,0.0,-0.047,0.0,1.0,LGIAsuper,47000000000.0,0.0,622150.0,803771.0,1425921.0,0.56368550571876,10.757924157061597,0.16,622149.8826895793,237807.0,559917.0
2020-06-30,Smart Future Trust,68964712340.0,0.0,0.0,0,5298938.0,339409.0,240955.0,346768.0,1500.0,0.0,492241.0,42245.0,0.0,-0.012,0.0,0.0,0,25000000000.0,0.0,686177.0,733196.0,1419373.0,0.5165632994286914,10.12667110305036,0.116,686176.8616334065,346768.0,492241.0
2021-06-30,Smart Future Trust,68964712340.0,0.0,0.0,0,4939456.0,351107.0,250764.0,351877.0,1106.0,0.0,426317.0,35816.0,0.0,0.192,0.0,0.0,0,28000000000.0,0.0,702984.0,677081.0,1380065.0,0.4906152971055711,10.239995502805316,-0.012,702983.8629239738,351877.0,426317.0
2022-06-30,Smart Future Trust,68964712340.0,0.0,0.0,0,5599341.0,367340.0,214348.0,433470.0,1744.0,0.0,512650.0,21575.0,0.0,-0.053,0.0,0.0,0,23000000000.0,0.0,800810.0,726998.0,1527808.0,0.47584382330764075,10.043292972227004,0.192,800809.8701636497,433470.0,512650.0
2020-06-30,Spirit Super,74559365913.0,0.0,0.0,0,12556611.0,753213.0,596384.0,313083.0,795.0,0.0,436964.0,54542.0,0.0,-0.015,0.0,0.0,0,61000000000.0,0.0,1066296.0,1033348.0,2099644.0,0.4921539079958317,11.0186455364637,0.072,1066295.9177048649,313083.0,436964.0
2021-06-30,Spirit Super,74559365913.0,1.0,0.0,0,12400390.0,966551.0,652187.0,10899998.0,9270.0,10694945.0,515031.0,57939.0,0.0,0.145,1.0,0.0,0,77000000000.0,0.0,1171604.0,1167218.0,2338822.0,0.499062348481415,11.251573687764477,-0.015,1171603.9058724765,205053.0,515031.0
2022-06-30,Spirit Super,74559365913.0,0.0,0.0,0,25776484.0,1535355.0,673047.0,344616.0,18642.0,0.0,862682.0,92491.0,0.0,-0.036,0.0,0.0,0,75000000000.0,0.0,1879971.0,1535729.0,3415700.0,0.4496088649471558,11.225256725762893,0.145,1879970.9404213158,344616.0,862682.0
2020-06-30,Star Portfolio Superannuation Fund,24276733959.0,0.0,0.0,0,622612.0,11222.0,38354.0,4535.0,906,0.0,179731.0,1979,0.0,-0.022,0.0,0.0,0,306000000000.0,0.0,15757.0,218085.0,233842.0,0.9326168951685326,12.631343648903034,0.068,15756.649725671847,4535.0,179731.0
2021-06-30,Star Portfolio Superannuation Fund,24276733959.0,0.0,0.0,0,409022.0,6489.0,22740.0,2579.0,0,0.0,114658.0,2427,0.0,0.154,0.0,0.0,0,354000000000.0,0.0,9068.0,137398.0,146466.0,0.9380880204279491,12.777055016970678,-0.022,9067.66408163864,2579.0,114658.0
2022-06-30,Star Portfolio Superannuation Fund,24276733959.0,0.0,0.0,0,,,,,*,,,*,,,0.0,0.0,0,,0.0,,,,,,0.154,,,
2020-06-30,Statewide Superannuation Trust,54145196298.0,0.0,0.0,0,9755355.0,524565.0,459558.0,336545.0,13015.0,0.0,303571.0,23280.0,0.0,-0.014,0.0,0.0,0,62000000000.0,0.0,861110.0,763129.0,1624239.0,0.46983787484477346,11.034905792929415,0.063,861109.9217733234,336545.0,303571.0
2021-06-30,Statewide Superannuation Trust,54145196298.0,0.0,0.0,0,9720102.0,576015.0,354583.0,261908.0,17274.0,0.0,352297.0,27724.0,0.0,0.167,0.0,0.0,0,71000000000.0,0.0,837923.0,706880.0,1544803.0,0.4575858539891494,11.170449240431308,-0.014,837922.9272764833,261908.0,352297.0
2020-06-30,Sunsuper Superannuation Fund,98503137921.0,0.0,0.0,0,68310512.0,4705823.0,3686124.0,3956313.0,0.0,431636.0,2425874.0,240740.0,0.0,-0.021,0.0,0.0,0,45000000000.0,0.0,8230500.0,6111998.0,14342498.0,0.42614598935276127,10.714439990727769,0.082,8230499.910526245,3524677.0,2425874.0
2021-06-30,Sunsuper Superannuation Fund,98503137921.0,1.0,0.0,0,69407317.0,5487151.0,3517578.0,7311484.0,0.0,3724401.0,1952498.0,318865.0,0.0,0.194,1.0,0.0,0,61000000000.0,0.0,9074234.0,5470076.0,14544310.0,0.3760973191578012,11.0186455364637,-0.021,9074233.92118877,3587083.0,1952498.0
2020-06-30,Super Retirement Fund,40328908469.0,0.0,0.0,0,3348269.0,64103.0,199384.0,23055.0,100,0.0,268939.0,18621,0.0,-0.003,0.0,0.0,0,54000000000.0,0.0,87158.0,468323.0,555481.0,0.8430945432877092,10.896757843893464,0.061,87157.86012981633,23055.0,268939.0
2021-06-30,Super Retirement Fund,40328908469.0,0.0,0.0,0,2954039.0,62730.0,174301.0,15615.0,0,0.0,214658.0,17399,0.0,0.141,0.0,0.0,0,66000000000.0,0.0,78345.0,388959.0,467304.0,0.8323468234810745,11.097425172408931,-0.003,78344.86832976816,15615.0,214658.0
2022-06-30,Super Retirement Fund,40328908469.0,0.0,0.0,0,3033412.0,63577.0,138267.0,22485.0,100,0.0,201170.0,14223,0.0,-0.033,0.0,0.0,0,65000000000.0,0.0,86062.0,339437.0,425499.0,0.7977386550849708,11.082157933374816,0.141,86061.88810059431,22485.0,201170.0
2020-06-30,Super Safeguard Fund,13917747013.0,0.0,0.0,0,16399.0,0.0,6976.0,510.0,0,0.0,1593.0,7,0.0,0.168,0.0,0.0,0,1000000000.0,0.0,510.0,8569.0,9079.0,0.9438264126005067,6.90875477931522,-0.013,509.4774681383011,510.0,1593.0
2020-06-30,SuperTrace Superannuation Fund,73703878235.0,0.0,0.0,0,1098990.0,0.0,349475.0,40097.0,0,0.0,131560.0,3637,0.0,0.008,0.0,0.0,0,8000000000.0,0.0,40097.0,481035.0,521132.0,0.9230578816883247,8.987321812850125,0.044,40096.56229356045,40097.0,131560.0
2021-06-30,SuperTrace Superannuation Fund,73703878235.0,0.0,0.0,0,664863.0,0.0,78350.0,20394.0,0,0.0,65185.0,2645,0.0,0.04,0.0,0.0,0,21000000000.0,0.0,20394.0,143535.0,163929.0,0.8755924821111579,9.952325334619427,0.008,20393.784113418853,20394.0,65185.0
2022-06-30,SuperTrace Superannuation Fund,73703878235.0,0.0,0.0,0,,,,,*,,,*,,,0.0,0.0,0,,0.0,,,,,,0.04,,,
2020-06-30,Symetry Personal Retirement Fund,24685968122.0,0.0,0.0,0,1763146.0,24061.0,112726.0,21162.0,1412,0.0,257923.0,3766,0.0,-0.036,0.0,0.0,0,202000000000.0,0.0,45223.0,370649.0,415872.0,0.8912574061249615,12.216027926866138,0.047,45222.789779745974,21162.0,257923.0
2021-06-30,Symetry Personal Retirement Fund,24685968122.0,0.0,0.0,0,1379731.0,24870.0,93895.0,35604.0,10603,0.0,130949.0,1494,0.0,0.162,0.0,0.0,0,240000000000.0,0.0,60474.0,224844.0,285318.0,0.78804702121843,12.388398368982115,-0.036,60473.8370377994,35604.0,130949.0
2022-06-30,Symetry Personal Retirement Fund,24685968122.0,0.0,0.0,0,1424648.0,30411.0,87670.0,29644.0,5357,0.0,154416.0,2509,0.0,-0.061,0.0,0.0,0,221000000000.0,0.0,60055.0,242086.0,302141.0,0.8012351848971175,12.30592250537653,0.162,60054.8300731128,29644.0,154416.0
2020-06-30,TWU Superannuation Fund,77343563307.0,0.0,0.0,0,5659715.0,365628.0,406059.0,210437.0,1378,0.0,311367.0,15671,0.0,-0.012,0.0,0.0,0,50000000000.0,0.0,576065.0,717426.0,1293491.0,0.5546432097324218,10.819798284210286,0.05,576064.873239907,210437.0,311367.0
2021-06-30,TWU Superannuation Fund,77343563307.0,0.0,0.0,0,5458943.0,351215.0,402666.0,106898.0,1450,0.0,210866.0,14027,0.0,0.179,0.0,0.0,0,59000000000.0,0.0,458113.0,613532.0,1071645.0,0.5725142187944702,10.985309671896763,-0.012,458112.8876097442,106898.0,210866.0
2022-06-30,TWU Superannuation Fund,77343563307.0,0.0,0.0,0,6273696.0,379845.0,230571.0,117252.0,444,0.0,257385.0,17815,0.0,-0.031,0.0,0.0,0,61000000000.0,0.0,497097.0,487956.0,985053.0,0.4953601481341613,11.0186455364637,0.179,497096.9222219247,117252.0,257385.0
2020-06-30,Tasplan Superannuation Fund,14602032302.0,0.0,0.0,0,9617667.0,547122.0,472540.0,283142.0,13431.0,0.0,239750.0,24953.0,0.0,0.006,0.0,0.0,0,73000000000.0,0.0,830264.0,712290.0,1542554.0,0.4617601717670824,11.19822841866684,0.081,830263.9259394197,283142.0,239750.0
2020-06-30,Telstra Superannuation Scheme,85502108833.0,0.0,0.0,0,21812774.0,700292.0,842313.0,248481.0,8560,0.0,529226.0,67534,0.0,-0.013,0.0,0.0,0,223000000000.0,0.0,948773.0,1371539.0,2320312.0,0.5911011105403067,12.314931534737134,0.065,948772.9371222111,248481.0,529226.0
2021-06-30,Telstra Superannuation Scheme,85502108833.0,0.0,0.0,0,21107297.0,679183.0,711335.0,168497.0,10316,0.0,477326.0,63626,0.0,0.168,0.0,0.0,0,261000000000.0,0.0,847680.0,1188661.0,2036341.0,0.5837239440741998,12.472279517715116,-0.013,847679.9436848309,168497.0,477326.0
2022-06-30,Telstra Superannuation Scheme,85502108833.0,0.0,0.0,0,24261586.0,747756.0,757860.0,218671.0,15047,0.0,537283.0,87689,0.0,-0.025,0.0,0.0,0,253000000000.0,0.0,966427.0,1295143.0,2261570.0,0.5726742926374156,12.441148720271016,0.168,966426.9466175459,218671.0,537283.0
2020-06-30,The Bendigo Superannuation Plan,57526653420.0,0.0,0.0,0,1517079.0,72205.0,106300.0,58553.0,8733,0.0,75866.0,3080,0.0,-0.002,0.0,0.0,0,64000000000.0,0.0,130758.0,182166.0,312924.0,0.5821413506154849,11.06665398721974,0.065,130757.8799231945,58553.0,75866.0
2021-06-30,The Bendigo Superannuation Plan,57526653420.0,0.0,0.0,0,1461320.0,79283.0,89905.0,49384.0,9134,0.0,91927.0,6054,0.0,0.149,0.0,0.0,0,79000000000.0,0.0,128667.0,181832.0,310499.0,0.5856121919877358,11.277215789596893,-0.002,128666.87557003257,49384.0,91927.0
2022-06-30,The Bendigo Superannuation Plan,57526653420.0,0.0,0.0,0,1619417.0,90249.0,87824.0,50718.0,8213,0.0,72209.0,7747,0.0,-0.073,0.0,0.0,0,75000000000.0,0.0,140967.0,160033.0,301000.0,0.5316710963455149,11.225256725762893,0.149,140966.90117863403,50718.0,72209.0
2020-06-30,The State Bank Supersafe Approved Deposit Fund,30152006147.0,0.0,0.0,0,7018.0,0.0,1246.0,0.0,0,0.0,756.0,31,0.0,0.002,0.0,0.0,0,27000000000.0,0.0,0.0,2002.0,2002.0,1.0,10.203629181337648,0.008,-0.2852664576802508,0.0,756.0
2020-06-30,The Super Money Eligible Rollover Fund (SMERF),94334023289.0,0.0,0.0,0,67259.0,0.0,905.0,1146.0,0,0.0,33216.0,0,0.0,0.002,0.0,0.0,0,2000000000.0,0.0,1146.0,34121.0,35267.0,0.9675050330337143,7.601402334583733,0.044,1145.4926924277793,1146.0,33216.0
2020-06-30,The Towers Watson Superannuation Fund,93268215348.0,0.0,0.0,0,37366.0,1895.0,307.0,90.0,0,0.0,1459.0,0,0.0,0.004,0.0,0.0,0,150000000000.0,0.0,1985.0,1766.0,3751.0,0.47080778459077577,11.918397239722838,0.059,1984.9527377830113,90.0,1459.0
2021-06-30,The Towers Watson Superannuation Fund,93268215348.0,0.0,0.0,0,37652.0,1461.0,38.0,176.0,0,0.0,5929.0,0,0.0,0.15,0.0,0.0,0,150000000000.0,0.0,1637.0,5967.0,7604.0,0.7847185691741189,11.918397239722838,0.004,1636.8415223626898,176.0,5929.0
2022-06-30,The Towers Watson Superannuation Fund,93268215348.0,0.0,0.0,0,38579.0,1335.0,9.0,26.0,0,0.0,7799.0,0,0.0,-0.029,0.0,0.0,0,133000000000.0,0.0,1361.0,7808.0,9169.0,0.851565056167521,11.798111925972618,0.15,1360.7976100987585,26.0,7799.0
2020-06-30,The University of Wollongong Professorial Superannuation Scheme,68672265781.0,0.0,0.0,0,,,,,*,,,*,,,0.0,0.0,0,,0.0,,,,,,,,,
2021-06-30,The University of Wollongong Professorial Superannuation Scheme,68672265781.0,0.0,0.0,0,,,,,*,,,*,,,0.0,0.0,0,,0.0,,,,,,,,,
2022-06-30,The University of Wollongong Professorial Superannuation Scheme,68672265781.0,0.0,0.0,0,,,,,*,,,*,,,0.0,0.0,0,,0.0,,,,,,,,,
2020-06-30,Tidswell Master Superannuation Plan,34300938877.0,0.0,0.0,0,667942.0,81842.0,59811.0,145049.0,295,0.0,183372.0,11003,76045.0,0.04,0.0,0.0,0,18000000000.0,0.0,226891.0,167138.0,394029.0,0.424176900684975,9.798182590890704,0.061,226890.74977168677,145049.0,107327.0
2021-06-30,Tidswell Master Superannuation Plan,34300938877.0,0.0,0.0,0,671806.0,119599.0,56341.0,163563.0,1608,0.0,54229.0,5971,0.0,0.173,0.0,0.0,0,17000000000.0,0.0,283162.0,110570.0,393732.0,0.2808255361514939,9.741027444837728,0.04,283161.8354137951,163563.0,54229.0
2022-06-30,Tidswell Master Superannuation Plan,34300938877.0,0.0,0.0,0,949603.0,202321.0,33260.0,286210.0,1120,103135.0,79181.0,10253,0.0,-0.138,0.0,0.0,0,15000000000.0,0.0,385396.0,112441.0,497837.0,0.22585906632090424,9.61587214452889,0.173,385395.8815915704,183075.0,79181.0
2020-06-30,Toyota Super,58208377062.0,0.0,1.0,equipsuper,891502.0,26473.0,33459.0,14343.0,12.0,0.0,63304.0,4419.0,0.0,-0.014,0.0,1.0,equipsuper,169000000000.0,0.0,40816.0,96763.0,137579.0,0.7033268158657935,12.037659911047468,0.057,40815.891460703395,14343.0,63304.0
2020-06-30,Ultimate Superannuation Fund,97900294767.0,0.0,0.0,0,345813.0,10627.0,20558.0,17115.0,732,0.0,43982.0,4416,0.0,-0.024,0.0,0.0,0,219000000000.0,0.0,27742.0,64540.0,92282.0,0.6993779935415357,12.296831574998258,0.053,27741.813367340153,17115.0,43982.0
2021-06-30,Ultimate Superannuation Fund,97900294767.0,0.0,0.0,0,301110.0,8387.0,20417.0,10603.0,17,0.0,73518.0,439,0.0,0.129,0.0,0.0,0,264000000000.0,0.0,18990.0,93935.0,112925.0,0.8318352889085676,12.483708170000067,-0.024,18989.688037594235,10603.0,73518.0
2022-06-30,Ultimate Superannuation Fund,97900294767.0,0.0,0.0,0,260223.0,7494.0,14909.0,9226.0,2332,0.0,35016.0,2465,0.0,-0.065,0.0,0.0,0,250000000000.0,0.0,16720.0,49925.0,66645.0,0.7491184635006377,12.429220196836383,0.129,16719.808145321513,9226.0,35016.0
2020-06-30,Unisuper,91385943850.0,0.0,0.0,0,80796703.0,3898172.0,2310578.0,2436589.0,280129,0.0,702971.0,144439,0.0,-0.011,0.0,0.0,0,156000000000.0,0.0,6334761.0,3013549.0,9348310.0,0.3223629725586764,11.957617696467539,0.107,6334760.96270208,2436589.0,702971.0
2021-06-30,Unisuper,91385943850.0,0.0,0.0,0,83222284.0,4374645.0,2403054.0,1936146.0,261489,0.0,817664.0,165253,0.0,0.152,0.0,0.0,0,183000000000.0,0.0,6310791.0,3220718.0,9531509.0,0.33790221464408204,12.117246896289503,-0.011,6310790.961299812,1936146.0,817664.0
2022-06-30,Unisuper,91385943850.0,0.0,0.0,0,99213487.0,4757661.0,2544967.0,3497926.0,404957,0.0,926008.0,75075,0.0,-0.029,0.0,0.0,0,175000000000.0,0.0,8255587.0,3470975.0,11726562.0,0.2959925509283966,12.07254696717504,0.152,8255586.965015089,3497926.0,926008.0
2020-06-30,WA Local Government Superannuation Plan,18159499614.0,0.0,1.0,Aware Super,3941720.0,224780.0,188716.0,125825.0,2957.0,0.0,126625.0,9534.0,0.0,0.011,0.0,1.0,Aware Super,79000000000.0,0.0,350605.0,315341.0,665946.0,0.47352337877245304,11.277215789596893,0.071,350604.9199991374,125825.0,126625.0
2020-06-30,Wealth Personal Superannuation and Pension Fund,92381911598.0,0.0,0.0,0,45164907.0,1777276.0,3001189.0,5538743.0,126313,0.0,2522833.0,174612,0.0,-0.025,0.0,0.0,0,149000000000.0,0.0,7316019.0,5524022.0,12840041.0,0.43021840818109536,11.91170829631447,0.064,7316018.877692165,5538743.0,2522833.0
2021-06-30,Wealth Personal Superannuation and Pension Fund,92381911598.0,0.0,0.0,0,45738537.0,2044430.0,2831974.0,4160842.0,152093,0.0,2890415.0,202804,0.0,0.158,0.0,0.0,0,181000000000.0,0.0,6205272.0,5722389.0,11927661.0,0.4797578502608349,12.10625783509458,-0.025,6205271.874889111,4160842.0,2890415.0
2022-06-30,Wealth Personal Superannuation and Pension Fund,92381911598.0,0.0,0.0,0,53426136.0,2644441.0,3049716.0,3862026.0,198489,0.0,2649747.0,207035,0.0,-0.07,0.0,0.0,0,159000000000.0,0.0,6506467.0,5699463.0,12205930.0,0.4669421338644413,11.976665770490767,0.158,6506466.893320696,3862026.0,2649747.0
2020-06-30,Westpac Mastertrust - Superannuation Division,81236903448.0,0.0,0.0,0,6293890.0,260920.0,177479.0,143778.0,9,0.0,5972142.0,1720,5608549.0,0.095,0.0,0.0,0,68000000000.0,0.0,404698.0,541072.0,945770.0,0.5720968100066612,11.127277689932466,0.06,404697.91403218044,143778.0,363593.0
2020-06-30,Westpac Personal Superannuation Fund,36369876939.0,0.0,0.0,0,367925.0,15259.0,20944.0,2896.0,31,0.0,35729.0,1074,0.0,-0.028,0.0,0.0,0,60000000000.0,0.0,18155.0,56673.0,74828.0,0.7573769177313305,11.002116507732017,0.047,18154.84596588979,2896.0,35729.0
2020-06-30,Zurich Master Superannuation Fund,33632838393.0,0.0,0.0,0,1078838.0,33376.0,63631.0,5181.0,89,0.0,90759.0,5452,0.0,-0.029,0.0,0.0,0,74000000000.0,0.0,38557.0,154390.0,192947.0,0.800167921760898,11.211833885608513,0.058,38556.856892323034,5181.0,90759.0
2021-06-30,Zurich Master Superannuation Fund,33632838393.0,0.0,0.0,0,932007.0,32936.0,51594.0,3651.0,0,0.0,71089.0,5015,0.0,0.171,0.0,0.0,0,89000000000.0,0.0,36587.0,122683.0,159270.0,0.7702831669492057,11.39640288460621,-0.029,36586.86836686849,3651.0,71089.0
2022-06-30,Zurich Master Superannuation Fund,33632838393.0,0.0,0.0,0,,,,,*,,,*,,,0.0,0.0,0,,0.0,,,,,,0.171,,,
2020-06-30,equipsuper,33813823017.0,0.0,0.0,0,15726503.0,570173.0,491011.0,455752.0,10721.0,150602.0,578534.0,58155.0,0.0,0.005,0.0,0.0,0,214000000000.0,0.0,875323.0,1069545.0,1944868.0,0.549931923400457,12.273735966890268,0.061,875322.93199092,305150.0,578534.0
2021-06-30,equipsuper,33813823017.0,1.0,0.0,0,15751360.0,623059.0,468409.0,12473793.0,5933.0,12260795.0,474967.0,0.0,0.0,0.112,1.0,0.0,0,199000000000.0,0.0,836057.0,943376.0,1779433.0,0.5301553921951543,12.201065128819632,0.005,836056.9401082827,212998.0,474967.0
2022-06-30,equipsuper,33813823017.0,1.0,0.0,0,30475840.0,1229568.0,1034986.0,1152413.0,20902.0,755446.0,880837.0,102657.0,0.0,-0.043,1.0,0.0,0,192000000000.0,0.0,1626535.0,1915823.0,3542358.0,0.5408326882827766,12.165255859329688,0.112,1626534.9371363348,396967.0,880837.0
2020-06-30,legalsuper,60346078879.0,0.0,0.0,0,4127843.0,237891.0,119832.0,104741.0,165,0.0,146507.0,20856,0.0,-0.008,0.0,0.0,0,96000000000.0,0.0,342632.0,266339.0,608971.0,0.4373590860648537,11.472113887062386,0.068,342631.93547743943,104741.0,146507.0
2021-06-30,legalsuper,60346078879.0,0.0,0.0,0,4170970.0,261727.0,119542.0,73048.0,1801,0.0,133914.0,24346,0.0,0.167,0.0,0.0,0,118000000000.0,0.0,334775.0,253456.0,588231.0,0.4308783454119215,11.678448377988165,-0.008,334774.93923331983,73048.0,133914.0
2022-06-30,legalsuper,60346078879.0,0.0,0.0,0,4950931.0,300974.0,121636.0,76298.0,7013,0.0,173340.0,27310,0.0,-0.019,0.0,0.0,0,119000000000.0,0.0,377272.0,294976.0,672248.0,0.4387904463828825,11.686887175419702,0.167,377271.9404200947,76298.0,173340.0
